{
  "metadata": {
    "uuid": "19b32aa0-3a55-4e0c-b3d3-19ee2f71f3d1",
    "name": "废除肉刑诏令",
    "source_ref": {
      "chunk_id": "chunk_0011",
      "book_index": 10,
      "start_line": 0,
      "end_line": 0,
      "snippet": "今法有肉刑三，而奸不止，其咎安在？...其除肉刑。"
    }
  },
  "context": {
    "applicable_objects": [
      "司法系统",
      "犯罪人员",
      "刑罚执行机构"
    ],
    "prerequisites": [
      "发生肉刑案件",
      "收到关于肉刑不可逆的谏言（如缇萦上书）"
    ],
    "constraints": [
      "不适用于非肉刑类的其他刑罚",
      "需配合教化政策实施"
    ]
  },
  "trigger": {
    "condition_logic": "IF (有肉刑案件发生 AND 皇帝反思刑罚残酷性) THEN (执行废除肉刑程序)"
  },
  "core_logic": {
    "logic_type": "Decision_Tree",
    "execution_body": "1. **触发背景**：太仓令淳于公有罪当刑，其女缇萦上书指出“死者不可复生，刑者不可复属”，虽欲改过自新但无路可走。\n2. **皇帝反思逻辑**：\n   - 引用古制：有虞氏之时，画衣冠异章服以为戮，而民不犯，此为“至治”。\n   - 现状批判：今法有肉刑三（黥、劓、斩趾等），而奸邪不止，过错在于“朕德薄而教不明”。\n   - 道德原则：教化未施而刑罚先加，是“反害於民为暴”；断支体、刻肌肤造成终身痛苦，不符合“民之父母”的治国理念。\n3. **最终决策**：基于上述反思，判定肉刑不德，下令废除肉刑。",
    "variables": [
      {
        "name": "punishment_type",
        "type": "String",
        "description": "刑罚类型，特指肉刑（如黥面、割鼻、断足等）"
      },
      {
        "name": "reform_possibility",
        "type": "Boolean",
        "description": "罪犯改过自新的可能性（肉刑导致肢体残缺，无法复属）"
      }
    ]
  },
  "output": {
    "output_type": "Action",
    "result_template": "废除所有肉刑，改为其他形式的惩罚或教化，体现宽仁治国"
  },
  "custom_attributes": {
    "domain_tags": [
      "法律",
      "刑罚改革",
      "西汉政治"
    ],
    "importance": "high",
    "historical_significance": "中国法制史上刑罚从野蛮走向文明的里程碑"
  },
  "schema_explanation": "添加historical_significance字段以强调该事件在法律史上的地位"
}