{
  "metadata": {
    "uuid": "1da14ee6-81f7-498a-a344-2622d49c7945",
    "name": "推恩令与削藩强干策略",
    "source_ref": {
      "chunk_id": "chunk_0018",
      "book_index": 17,
      "start_line": 0,
      "end_line": 0,
      "snippet": "天子观於上古，然後加惠，使诸侯得推恩分子弟国邑，故齐分为七，赵分为六..."
    }
  },
  "context": {
    "applicable_objects": [
      "诸侯王",
      "王子支庶",
      "汉郡"
    ],
    "prerequisites": [
      "汉定百年之间",
      "亲属益疏",
      "诸侯骄奢淫乱"
    ],
    "constraints": [
      "不适用于已完全削弱的诸侯",
      "需配合削地政策执行"
    ]
  },
  "trigger": {
    "condition_logic": "IF (诸侯国势力过大威胁中央 OR 诸侯出现叛逆行为) THEN (执行推恩与削地)"
  },
  "core_logic": {
    "logic_type": "Process",
    "execution_body": "1. **识别问题背景**：\n   - 时间节点：汉定百年之间。\n   - 社会状况：亲属益疏，诸侯骄奢，忕邪臣计谋为淫乱。\n   - 危害表现：大者叛逆，小者不轨于法，以危其命，殒身亡国。\n\n2. **实施推恩令（分化策略）**：\n   - 政策核心：天子加惠，使诸侯得推恩分子弟国邑。\n   - 执行逻辑：允许诸侯王将封地分封给自己的子弟（不仅仅是嫡长子继承）。\n   - 实施效果：\n     * 齐分为七\n     * 赵分为六\n     * 梁分为五\n     * 淮南分三\n     * 天子支庶子为王，王子支庶为侯（百有馀焉）。\n\n3. **执行削地政策（剥夺战略要地）**：\n   - 历史契机：吴楚七国之乱前后。\n   - 削地对象与内容：\n     * 燕、代：无北边郡\n     * 吴、淮南、长沙：无南边郡\n     * 齐、赵、梁、楚：支郡名山陂海咸纳於汉\n\n4. **达成最终地缘平衡（强干弱枝）**：\n   - 诸侯规模限制：诸侯稍微，大国不过十馀城，小侯不过数十里。\n   - 诸侯功能定位：上足以奉贡职，下足以供养祭祀，以蕃辅京师。\n   - 中央力量扩张：汉郡八九十，形错诸侯间。\n   - 地缘布局特征：犬牙相临，秉其戹塞地利。\n   - 战略目标：彊本幹，弱枝叶之势，尊卑明而万事各得其所矣。",
    "variables": [
      {
        "name": "推恩",
        "type": "Policy",
        "description": "将诸侯王土地分封给所有子弟的法规"
      },
      {
        "name": "削地",
        "type": "Action",
        "description": "剥夺诸侯国边境郡或战略要地的行为"
      },
      {
        "name": "汉郡数量",
        "type": "Metric",
        "description": "中央直辖郡的数量，增至八九十个"
      }
    ]
  },
  "output": {
    "output_type": "State",
    "result_template": "诸侯国被拆分且失去战略要地，大国仅余十余城；汉郡增至八九十，形成犬牙交错的强干弱枝格局。"
  },
  "custom_attributes": {
    "domain_tags": [
      "政治改革",
      "中央集权",
      "汉武帝时期",
      "推恩令"
    ],
    "importance": "high",
    "strategic_goal": "强干弱枝"
  },
  "schema_explanation": "添加了 strategic_goal 字段以概括该知识单元的核心政治意图。"
}