{
  "metadata": {
    "uuid": "1fc8f5e1-366b-4230-8130-0c398571b8cd",
    "name": "汉代推恩封侯申报与核定程序",
    "source_ref": {
      "chunk_id": "chunk_0022",
      "book_index": 21,
      "start_line": 0,
      "end_line": 0,
      "snippet": "诸侯王或欲推私恩分子弟邑者，令各条上，朕且临定其号名。"
    }
  },
  "context": {
    "applicable_objects": [
      "诸侯王",
      "诸侯王子弟"
    ],
    "prerequisites": [
      "诸侯王有意愿推私恩",
      "诸侯王拥有可分配的食邑"
    ],
    "constraints": [
      "必须经过皇帝最终核定",
      "需逐条上报名单"
    ]
  },
  "trigger": {
    "condition_logic": "IF (诸侯王欲推私恩分子弟邑) THEN (执行申报与核定程序)"
  },
  "core_logic": {
    "logic_type": "Process",
    "execution_body": "1. **发起意愿**：诸侯王产生意愿，想要将个人的恩惠推及（推私恩）给予其儿子或兄弟（子弟）。\n2. **分配方式**：通过分封食邑（分子弟邑）的方式来实现恩惠的给予。\n3. **申报程序**：诸侯王必须将所有拟封子弟的名单逐条列出并上报（令各条上），通常上报给御史机构。\n4. **最终裁定**：皇帝（朕）将亲自临朝审查，并确定受封者的具体爵位名号（临定其号名），确保中央集权。",
    "variables": [
      {
        "name": "诸侯王",
        "type": "Role",
        "description": "发起推恩请求的封国统治者"
      },
      {
        "name": "子弟",
        "type": "Beneficiary",
        "description": "接受封邑的诸侯王之子或弟"
      },
      {
        "name": "邑",
        "type": "Asset",
        "description": "分封给子弟的食邑或封地"
      },
      {
        "name": "号名",
        "type": "Output",
        "description": "皇帝最终核定的侯爵名号"
      }
    ]
  },
  "output": {
    "output_type": "Action",
    "result_template": "获得皇帝确定的侯爵名号及相应食邑"
  },
  "custom_attributes": {
    "domain_tags": [
      "汉代政治",
      "推恩令",
      "封建制度"
    ],
    "importance": "high",
    "historical_context": "此政策旨在削弱诸侯王势力，加强中央集权"
  },
  "schema_explanation": "添加了 domain_tags 以标识历史领域，historical_context 字段用于解释该政策背后的政治意图（虽然文本中未明说，但太史公的赞语暗示了其重要性），补充了执行逻辑的背景。"
}