{
  "metadata": {
    "uuid": "2245296e-398f-4f9b-9c66-d04d0aa1826c",
    "name": "水德运数与标准化制度",
    "source_ref": {
      "chunk_id": "chunk_0007",
      "book_index": 6,
      "start_line": 0,
      "end_line": 0,
      "snippet": "以为周得火德，秦代周德，从所不胜...数以六为纪...一法度衡石丈尺"
    }
  },
  "context": {
    "applicable_objects": [
      "历法",
      "度量衡",
      "服饰",
      "行政规范"
    ],
    "prerequisites": [
      "确立秦朝正统性",
      "五德终始理论"
    ],
    "constraints": [
      "必须符合水德属性",
      "必须体现统一性"
    ]
  },
  "trigger": {
    "condition_logic": "IF (确立政权合法性及推行统一) THEN (推行水德制度与标准化)"
  },
  "core_logic": {
    "logic_type": "Heuristic",
    "execution_body": "1. 确立五德终始：\n   - 推演：周得火德。\n   - 逻辑：秦代周，从所不胜（水克火）。\n   - 结论：方今水德之始。\n2. 改正朔与服色：\n   - 年始：改年始，朝贺皆自十月朔。\n   - 颜色：衣服旄旌节旗皆上黑。\n   - 河流名：更名河曰德水。\n3. 数术制度（数以六为纪）：\n   - 符、法冠：皆六寸。\n   - 舆：六尺。\n   - 步：六尺为步。\n   - 车：乘六马。\n4. 治国风格：\n   - 刚毅戾深，事皆决於法。\n   - 刻削毋仁恩和义，然後合五德之数。\n   - 急法，久者不赦。\n5. 统一标准（三大统一）：\n   - 一法度衡石丈尺。\n   - 车同轨。\n   - 书同文字。",
    "variables": [
      {
        "name": "德行",
        "type": "String",
        "description": "水德"
      },
      {
        "name": "崇尚颜色",
        "type": "String",
        "description": "黑色"
      },
      {
        "name": "基准数字",
        "type": "Integer",
        "description": "六"
      }
    ]
  },
  "output": {
    "output_type": "Standard",
    "result_template": "建立一套涵盖历法、服饰、数字、度量衡及文字的统一体系，服务于水德政治合法性"
  },
  "custom_attributes": {
    "domain_tags": [
      "文化统一",
      "法律",
      "度量衡",
      "五行学说"
    ],
    "importance": "high",
    "ideological_basis": "五德终始说"
  },
  "schema_explanation": "custom_attributes中增加了ideological_basis，因为该制度是基于五行学说构建的"
}