{
  "metadata": {
    "uuid": "2ae5f72e-846f-4102-b6b1-2660276a2331",
    "name": "太初历术甲子篇参数释义规则",
    "source_ref": {
      "chunk_id": "chunk_0027",
      "book_index": 26,
      "start_line": 0,
      "end_line": 0,
      "snippet": "大馀者，日也。小馀者，月也。端蒙者，年名也。支：丑名赤奋若，寅名摄提格。干：丙名游兆。"
    }
  },
  "context": {
    "applicable_objects": [
      "历术甲子篇数据表",
      "太初元年及后续年份的历法数据"
    ],
    "prerequisites": [
      "中国古代干支纪年法基础",
      "十二时辰（子、丑、寅、卯等）概念"
    ],
    "constraints": [
      "仅适用于《史记·历书》中记载的太初历系统",
      "不适用于现代公历或其他古代历法系统"
    ]
  },
  "trigger": {
    "condition_logic": "IF (需要解读历术甲子篇中的大馀、小馀数值、岁名术语或方位标记) THEN (应用以下释义规则进行解码)"
  },
  "core_logic": {
    "logic_type": "Heuristic",
    "execution_body": "1. **基础参数定义**：\n   - **大馀**：定义为“日”。在历术数据表中，该数值代表与日序（如冬至日、朔日）相关的计算馀数。\n   - **小馀**：定义为“月”。在历术数据表中，该数值代表与月序（如闰月、节气月）相关的计算馀数。\n\n2. **岁名干支专用术语映射**：\n   - **岁名**：文中提及“端蒙”为岁名的一种，用于纪年。\n   - **地支特定名称**：\n     - “丑”对应的专用名称为“赤奋若”。\n     - “寅”对应的专用名称为“摄提格”。\n   - **天干特定名称**：\n     - “丙”对应的专用名称为“游兆”。\n\n3. **方位与冬至时刻推算规则**：\n   根据历表标注的方位，确定冬至发生的具体时辰（加时）：\n   - 若标注为 **正北**，则冬至时刻加 **子时**。\n   - 若标注为 **正西**，则冬至时刻加 **酉时**。\n   - 若标注为 **正南**，则冬至时刻加 **午时**。\n   - 若标注为 **正东**，则冬至时刻加 **卯时**。",
    "variables": [
      {
        "name": "大馀",
        "type": "Integer",
        "description": "日名计算馀数，对应日序"
      },
      {
        "name": "小馀",
        "type": "Integer",
        "description": "月名计算馀数，对应月序"
      },
      {
        "name": "方位",
        "type": "Enum",
        "description": "正北、正西、正南、正东，用于确定冬至时辰"
      }
    ]
  },
  "output": {
    "output_type": "Interpretation",
    "result_template": "将表中的抽象数值和方位术语转换为具体的日、月参数及冬至发生的时辰"
  },
  "custom_attributes": {
    "domain_tags": [
      "古代历法",
      "太初历",
      "史记",
      "天文历算"
    ],
    "importance": "high",
    "source_reference": "史记·历书·历术甲子篇"
  },
  "schema_explanation": "添加了'source_reference'字段以明确该知识出自《史记》历书部分；'domain_tags'标记了其所属的历史与天文领域。"
}