{
  "metadata": {
    "uuid": "334157ff-41e8-49a7-9c7b-21773d8ad0f5",
    "name": "入关约法三章",
    "source_ref": {
      "chunk_id": "chunk_0009",
      "book_index": 8,
      "start_line": 0,
      "end_line": 0,
      "snippet": "与父老约，法三章耳：杀人者死，伤人及盗抵罪。"
    }
  },
  "context": {
    "applicable_objects": [
      "百姓",
      "官吏",
      "汉军"
    ],
    "prerequisites": [
      "攻入秦都咸阳",
      "秦王子婴投降",
      "废除秦朝苛政"
    ],
    "constraints": [
      "仅适用于初入关中稳定局势时期",
      "后续需建立完整法律体系"
    ]
  },
  "trigger": {
    "condition_logic": "IF (秦王子婴投降 AND 占领咸阳) THEN (废除秦法并实施约法三章)"
  },
  "core_logic": {
    "logic_type": "Policy",
    "execution_body": "1. 废除旧法：悉除去秦朝严苛法律，特别是“诽谤者族（灭族），偶语者弃市（处死）”等条款。\n2. 确立新法（约法三章）：\n   - 杀人者：处死。\n   - 伤人者：抵罪。\n   - 盗窃者：抵罪。\n3. 稳定官僚体系：所有秦朝官吏和百姓皆按部就班，保留原职原状（“诸吏人皆案堵如故”）。\n4. 军队纪律：\n   - 封存秦朝重宝财物府库。\n   - 军队退回霸上驻扎，不留在宫中。\n   - 宣布目的是为父老除害，非行侵暴。\n5. 民心安抚：\n   - 派人与秦吏行县乡邑告谕。\n   - 谢绝百姓牛羊酒食献飨，理由是“仓粟多，非乏，不欲费人”。",
    "variables": [
      {
        "name": "族",
        "type": "Punishment",
        "description": "灭族，秦朝严刑"
      },
      {
        "name": "弃市",
        "type": "Punishment",
        "description": "在闹市处死，秦朝严刑"
      },
      {
        "name": "抵罪",
        "type": "Punishment",
        "description": "根据罪行相应判刑"
      }
    ]
  },
  "output": {
    "output_type": "Value",
    "result_template": "秦人大喜，唯恐沛公不为秦王，获得广泛民心支持。"
  },
  "custom_attributes": {
    "domain_tags": [
      "法律",
      "政治",
      "民心管理"
    ],
    "importance": "high",
    "historical_significance": "汉朝建立的政治基础"
  },
  "schema_explanation": "添加了historical_significance字段，因为此政策是刘邦赢得天下民心、建立汉朝合法性的关键转折点。"
}