{
  "metadata": {
    "uuid": "3c55597a-27b3-462b-b56c-e3358e3d95a4",
    "name": "乌江拒渡自刎",
    "source_ref": {
      "chunk_id": "chunk_0008",
      "book_index": 7,
      "start_line": 0,
      "end_line": 0,
      "snippet": "天之亡我，我何渡为！且籍与江东子弟八千人渡江而西，今无一人还"
    }
  },
  "context": {
    "applicable_objects": [
      "项羽",
      "败军之将"
    ],
    "prerequisites": [
      "垓下兵败",
      "突围至乌江",
      "仅剩二十八骑",
      "亭长备船等待"
    ],
    "constraints": [
      "认为失败是天意而非战之罪",
      "无颜面对江东父老"
    ]
  },
  "trigger": {
    "condition_logic": "IF (兵败至乌江且亭长劝渡) THEN (拒绝渡江并自刎)"
  },
  "core_logic": {
    "logic_type": "Decision",
    "execution_body": "1. 亭长劝渡：乌江亭长义船待，谓项王曰：“江东虽小，地方千里，众数十万人，亦足王也。原大王急渡。今独臣有船，汉军至，无以渡。”\n2. 项羽拒绝决策：\n   - 笑曰：“天之亡我，我何渡为！”（笑着拒绝：上天要灭亡我，我还渡江做什么！）\n   - 理由阐述：“且籍与江东子弟八千人渡江而西，今无一人还，纵江东父兄怜而王我，我何面目见之？纵彼不言，籍独不愧於心乎？”（当年带八千江东子弟出征，如今无一生还，即便江东父老可怜我让我为王，我有什么脸面见他们？）\n3. 善后安排：\n   - 赠马：谓亭长：“吾知公长者。吾骑此马五岁，所当无敌，尝一日行千里，不忍杀之，以赐公。”（将爱马赐给亭长）\n   - 下令：令骑皆下马步行，持短兵接战\n4. 最后战斗：独籍所杀汉军数百人，项王身亦被十馀创。\n5. 自刎：\n   - 顾见汉骑司马吕马童，曰：“若非吾故人乎？”\n   - 对故人说：“吾闻汉购我头千金，邑万户，吾为若德。”（听说汉王悬赏千金封万户侯买我的头，我送你个人情）\n   - 动作：乃自刎而死。",
    "variables": [
      {
        "name": "江东子弟",
        "type": "Group",
        "description": "项羽起兵时的八千追随者"
      },
      {
        "name": "无颜",
        "type": "Emotion",
        "description": "羞愧，无脸见人"
      },
      {
        "name": "天亡我",
        "type": "Belief",
        "description": "认为失败是天意"
      }
    ]
  },
  "output": {
    "output_type": "Action",
    "result_template": "项羽身死，楚地皆降汉"
  },
  "custom_attributes": {
    "domain_tags": [
      "历史悲剧",
      "英雄末路",
      "乌江自刎"
    ],
    "importance": "high",
    "cultural_impact": "体现了项羽的悲剧英雄色彩和宁死不屈的性格"
  },
  "schema_explanation": "提取了项羽生命最后时刻的决策逻辑，重点在于他基于“无颜见江东父老”的道德判断而拒绝生的机会。"
}