{
  "metadata": {
    "uuid": "3ea3a137-7309-4ed3-8596-67f3549de1ae",
    "name": "泰一与五帝祭祀制度",
    "source_ref": {
      "chunk_id": "chunk_0029",
      "book_index": 28,
      "start_line": 0,
      "end_line": 0,
      "snippet": "天神贵者太一，太一佐曰五帝...令祠官宽舒等具太一祠坛，坛三垓。"
    }
  },
  "context": {
    "applicable_objects": [
      "汉武帝",
      "汉代祭祀官"
    ],
    "prerequisites": [
      "设立太一坛",
      "冬至日"
    ],
    "constraints": [
      "太一居中，五帝环居",
      "颜色需对应五行"
    ]
  },
  "trigger": {
    "condition_logic": "IF (时间至冬至 OR 需要郊祀) THEN (举行太一及五帝祭祀)"
  },
  "core_logic": {
    "logic_type": "Process",
    "execution_body": "1. 祭坛结构（甘泉太一坛）：\n   - 太一坛：三层（三垓），位于中央。\n   - 五帝坛：环绕太一坛下方，各如其方位（青帝东、赤帝南、黄帝中/西南、白帝西、黑帝北）。\n   - 鬼道：开辟八通之鬼道。\n2. 祭祀等级与配置：\n   - 太一（最高神）：所用祭品如雍一畤之物，加醴、枣、脯之属。\n   - 五帝：独有俎豆、醴进。\n   - 群神从者：在坛下四方地为醊食（连祭），包括北斗等。\n3. 牺牲安排（核心逻辑）：\n   - 杀一貍牛以为俎豆牢具。\n   - 主要牺牲组合：牛色白，鹿居其中，彘在鹿中。\n   - 处理方式：水而洎之（用水淹没）。\n   - 日月祭祀：祭日以牛，祭月以羊彘特。\n4. 服饰与颜色：\n   - 太一祝宰：衣紫及绣。\n   - 五帝：各如其色（青、赤、黄、白、黑）。\n   - 日：赤色。\n   - 月：白色。\n5. 仪式流程：\n   - 时间：十一月辛巳朔旦冬至（冬至日）。\n   - 黎明（昧爽）行礼。\n   - 朝朝日，夕夕月（揖礼）。\n   - 见太一如雍郊礼。\n   - 赞飨辞：“天始以宝鼎神策授皇帝，朔而又朔，终而复始，皇帝敬拜见焉。”\n   - 皇帝衣上黄。\n   - 列火满坛，坛旁亨炊具。",
    "variables": [
      {
        "name": "太一",
        "type": "Deity",
        "description": "最高天神"
      },
      {
        "name": "五帝",
        "type": "Deity",
        "description": "青、赤、黄、白、黑五方帝"
      },
      {
        "name": "三垓",
        "type": "Structure",
        "description": "三层的祭坛结构"
      }
    ]
  },
  "output": {
    "output_type": "Action",
    "result_template": "完成最高规格的郊祀，沟通天地神灵"
  },
  "custom_attributes": {
    "domain_tags": [
      "汉代礼仪",
      "宇宙观",
      "祭祀"
    ],
    "importance": "high",
    "era": "汉武帝时期"
  },
  "schema_explanation": "提取了汉武帝时期确立的太一神祭祀体系，包括祭坛结构、五行方位、牺牲组合及具体的仪式流程。"
}