{
  "metadata": {
    "uuid": "3f27b0ab-7589-447a-a3f6-62249b48d6af",
    "name": "封禅大典祭祀流程",
    "source_ref": {
      "chunk_id": "chunk_0013",
      "book_index": 12,
      "start_line": 0,
      "end_line": 0,
      "snippet": "封泰山下东方，如郊祠泰一之礼... 明日，下阴道。丙辰，禅泰山下阯东北肃然山..."
    }
  },
  "context": {
    "applicable_objects": [
      "天子",
      "诸侯",
      "侍中"
    ],
    "prerequisites": [
      "修整封禅仪",
      "振兵泽旅（军事检阅与休整）",
      "刻玉牒书"
    ],
    "constraints": [
      "仅限受命帝王",
      "需择吉日（如甲子朔旦冬至）",
      "礼仪过程需保密"
    ]
  },
  "trigger": {
    "condition_logic": "IF (天子举行封禅大典) THEN (执行泰山封与梁父禅的完整流程)"
  },
  "core_logic": {
    "logic_type": "Process",
    "execution_body": "1. 前期准备：\n   - 先进行军事检阅与休整（振兵泽旅）。\n   - 诸儒生练习射牛礼仪，草拟封禅仪注。\n   - 刻写玉牒书（秘密文书），内容保密。\n\n2. 封（泰山之祭）：\n   - 时间：四月乙卯日。\n   - 步骤一（山下）：在泰山下东方举行祭祀，礼仪如同郊祠泰一。\n   - 步骤二（山上）：天子独自与侍中奉车子侯登上泰山顶，举行封祭。\n   - 规模：封土坛广一丈二尺，高九尺。坛下埋藏玉牒书。\n   - 保密：此事皆禁止传播（其事皆禁）。\n\n3. 禅（梁父/肃然山之祭）：\n   - 时间：次日（丙辰）。\n   - 路径：走下山的小路（阴道）。\n   - 地点：泰山脚下东北方的肃然山。\n   - 仪式：如同祭祀后土之礼。\n   - 祭品：使用江淮出产的三脊茅草（一茅三脊）作为神藉，加五色土。\n   - 动物：释放远方奇兽、飞禽及白雉等，不使用兕、旄牛、犀牛、大象。\n\n4. 祭祀现象：\n   - 封禅之夜有光出现，白天有白云从封土中升起。",
    "variables": [
      {
        "name": "封",
        "type": "Ritual",
        "description": "在泰山顶祭祀天"
      },
      {
        "name": "禅",
        "type": "Ritual",
        "description": "在肃然山祭祀地"
      },
      {
        "name": "玉牒书",
        "type": "Object",
        "description": "刻有祭文的玉器，埋于坛下"
      },
      {
        "name": "一茅三脊",
        "type": "Material",
        "description": "产自江淮的特定茅草，用于祭祀垫藉"
      }
    ]
  },
  "output": {
    "output_type": "Action",
    "result_template": "完成告成于天的封礼与告成于地的禅礼，确立受命于天的正统地位"
  },
  "custom_attributes": {
    "domain_tags": [
      "封禅",
      "泰山祭祀",
      "帝王礼仪"
    ],
    "importance": "high",
    "source_reference": "孝武本纪-封禅"
  },
  "schema_explanation": "提取了封禅大典中'封'与'禅'两个核心环节的详细步骤，包括地点、时间、祭品规格及特殊的保密要求，涵盖了汉代最高等级的政治宗教仪式。"
}