{
  "metadata": {
    "uuid": "4a85574e-8480-420e-b90a-1493f309170e",
    "name": "建元以来侯者封爵的历史背景与逻辑",
    "source_ref": {
      "chunk_id": "chunk_0021",
      "book_index": 20,
      "start_line": 0,
      "end_line": 0,
      "snippet": "二夷交侵，当盛汉之隆... 遂出师北讨强胡，南诛劲越，将卒以次封矣。"
    }
  },
  "context": {
    "applicable_objects": [
      "汉代历史研究者",
      "《史记》读者",
      "建元以来侯者年表",
      "汉武帝时期封爵制度"
    ],
    "prerequisites": [
      "了解汉代基本历史背景",
      "熟悉匈奴与百越的地理位置",
      "知晓先秦历史典故"
    ],
    "constraints": [
      "不适用于文景之治时期的无为而治政策",
      "不适用于非军事功勋的封爵"
    ]
  },
  "trigger": {
    "condition_logic": "IF (需要解释汉武帝时期为何大量封侯 OR 分析《建元以来侯者年表》的成因) THEN (应用此知识)"
  },
  "core_logic": {
    "logic_type": "Heuristic",
    "execution_body": "1. **分析外部威胁与局势**：\n   - 北方威胁：匈奴“绝和亲”，攻击边塞要道（“攻当路塞”）。\n   - 南方威胁：闽越擅自兴兵攻打东瓯，东瓯请求投降（“闽越擅伐，东瓯请降”）。\n   - 局势判断：两方外族同时入侵（“二夷交侵”），正值汉朝鼎盛时期（“当盛汉之隆”）。\n\n2. **评估内部国力与合法性**：\n   - 政治基础：中国统一，英明天子在位，兼具文德与武功（“中国一统，明天子在上，兼文武”）。\n   - 统治能力：席卷天下，安抚亿万民众（“席卷四海，内辑亿万之众”）。\n   - 历史先例（合法性依据）：\n     * 引用《诗经》、《尚书》中关于三代驱逐戎狄、征伐荆舒的记载（“戎狄是膺，荆荼是征”）。\n     * 列举先秦案例：齐桓公越过燕国攻打山戎；赵武灵王凭借小小的赵国使单于臣服；秦穆公任用百里奚称霸西戎；吴楚君主以诸侯身份役使百越。\n   - 推论：既然先秦诸侯尚且能如此，如今统一的大汉更不能对边境侵扰坐视不管（“岂以晏然不为连境征伐哉”）。\n\n3. **执行军事行动与封赏**：\n   - 行动：出师向北讨伐强横的胡人（匈奴），向南诛伐强悍的越人（“北讨强胡，南诛劲越”）。\n   - 结果：将领和士兵按照功劳次序被封为侯爵（“将卒以次封矣”）。\n\n4. **具体战役与关键人物（依据赞文补充）**：\n   - 战役方向：南讨瓯越，北击单于。\n   - 关键人物与事件：\n     * 长平（卫青）：整顿军队（“长平鞠旅”）。\n     * 冠军（霍去病）：作为前锋（“冠军前驱”）。\n     * 术阳、临蔡：具体的受封或投降事件（“术阳衔璧，临蔡破禺”）。\n     * 博陆（霍光）：身为宰相（“博陆上宰”）。\n     * 平津（公孙弘）：身为大儒（“平津巨儒”）。\n   - 待遇：佩戴金章，紫绶盘绕（“金章且佩，紫绶行纡”）。\n\n5. **历史延续与补录**：\n   - 昭帝以后，功勋恩宠没有差别（“昭帝已後，勋宠不殊”）。\n   - 司马迁绝笔之后的记录由褚少孙补录（“惜哉绝笔，褚氏补诸”）。",
    "variables": [
      {
        "name": "外部威胁",
        "type": "String",
        "description": "指匈奴绝和亲攻塞及闽越擅伐东瓯"
      },
      {
        "name": "内部国力",
        "type": "String",
        "description": "指中国一统、明天子在位、文武兼备的盛汉局面"
      },
      {
        "name": "封赏依据",
        "type": "String",
        "description": "军事征伐的功劳（北讨强胡，南诛劲越）"
      }
    ]
  },
  "output": {
    "output_type": "Explanation",
    "result_template": "理解汉武帝时期封侯的必然性是基于外部威胁、内部强盛以及历史先例的共同作用，具体表现为对匈奴和越人的征伐及随后的功勋封赏。"
  },
  "custom_attributes": {
    "domain_tags": [
      "汉代历史",
      "封爵制度",
      "史记",
      "军事征伐"
    ],
    "importance": "high",
    "source_author": "太史公（司马迁）",
    "historical_period": "西汉武帝时期"
  },
  "schema_explanation": "添加了'source_author'字段，因为文本明确以'太史公曰'开头，表明这是司马迁的个人史论视角，对理解文本至关重要。添加了'historical_period'以明确时间范围。"
}