{
  "metadata": {
    "uuid": "4f2e3bf5-2ed4-4b7e-91f2-71f476a13846",
    "name": "龙首渠井渠施工法",
    "source_ref": {
      "chunk_id": "chunk_0030",
      "book_index": 29,
      "start_line": 0,
      "end_line": 0,
      "snippet": "岸善崩，乃凿井，深者四十馀丈。往往为井，井下相通行水。"
    }
  },
  "context": {
    "applicable_objects": [
      "商颜山穿渠工程",
      "地质松软易崩塌的山体隧道工程"
    ],
    "prerequisites": [
      "洛水水源",
      "需要灌溉的盐碱地（重泉以东万余顷）"
    ],
    "constraints": [
      "常规明挖施工会导致山岸崩塌",
      "施工难度大，耗时十余年"
    ]
  },
  "trigger": {
    "condition_logic": "IF (目标为引洛水灌溉盐碱地 AND 遇到商颜山地质易崩塌) THEN (采用井渠法施工)"
  },
  "core_logic": {
    "logic_type": "Process",
    "execution_body": "1. 工程目标：引洛水灌溉重泉以东万余顷原本的盐碱地（故卤地），预期亩产十石。\n2. 遇到的问题：从徵县引洛水到达商颜山下时，由于山岸土质松软容易崩塌（岸善崩），无法进行常规的地面开挖。\n3. 施工方案（井渠法）：\n   - 凿井：在地面上开凿竖井，最深的井达到四十余丈。\n   - 布局：沿线每隔一段距离打一口井（往往为井）。\n   - 挖通：在井底横向挖掘，使各井在地下相通以便流水（井下相通行水）。\n4. 工程范围：利用水势穿过商颜山，向东延伸至山岭十余里之间（水穨以绝商颜，东至山岭十馀里间）。\n5. 命名：施工过程中挖出了龙骨（化石），因此命名为龙首渠。\n6. 历史意义：这种施工法标志着井渠（坎儿井）技术的诞生（井渠之生自此始）。\n7. 实际效果：工程进行了十余年，渠道基本打通（渠颇通），但未能完全获得预期的富饶收益（犹未得其饶）。",
    "variables": [
      {
        "name": "井深",
        "type": "length",
        "description": "最深达四十余丈"
      },
      {
        "name": "渠道长度",
        "type": "length",
        "description": "东至山岭十余里"
      }
    ]
  },
  "output": {
    "output_type": "Infrastructure",
    "result_template": "建成名为龙首渠的地下输水渠道，实现引洛水灌溉，但经济效益未达预期"
  },
  "custom_attributes": {
    "domain_tags": [
      "水利工程",
      "井渠技术",
      "汉代"
    ],
    "importance": "high",
    "historical_significance": "井渠（坎儿井）技术的起源"
  },
  "schema_explanation": "添加historical_significance字段以强调该技术在水利史上的开创性地位"
}