{
  "metadata": {
    "uuid": "5087819a-d6d7-4fb8-a8ce-3dffbd01af08",
    "name": "殷商“九世之乱”继位动荡规律",
    "source_ref": {
      "chunk_id": "chunk_0004",
      "book_index": 3,
      "start_line": 0,
      "end_line": 0,
      "snippet": "自中丁以来，废適而更立诸弟子，弟子或争相代立，比九世乱"
    }
  },
  "context": {
    "applicable_objects": [
      "殷商王朝",
      "王位继承制度",
      "诸侯朝贡体系"
    ],
    "prerequisites": [
      "先王去世",
      "存在多位子嗣候选人"
    ],
    "constraints": "不适用于嫡长子继承制得到严格执行的时期（如成汤至太甲时期，或盘庚、武丁中兴时期）"
  },
  "trigger": {
    "condition_logic": "IF (君主去世 AND 继位人选绕过嫡长子 AND 改立弟子) THEN (触发内部动荡)"
  },
  "core_logic": {
    "logic_type": "Heuristic",
    "execution_body": "1. 识别历史起点：确认时间线始于“帝中丁”即位之后。\n2. 检测继位违规：观察是否发生“废適”（废除或绕过嫡长子）的行为。\n3. 检测替代行为：确认是否“更立诸弟子”（改立各位弟弟而非长子）。\n4. 预测内部冲突：这种行为必然导致“弟子或争相代立”（弟弟们之间争相代替对方继位，引发内斗）。\n5. 确定动荡时长：这种混乱状态将持续“比九世”（大约九代君主的时间）。\n6. 评估外部影响：最终结果是“诸侯莫朝”（诸侯不再来朝见，中央权威丧失，王朝衰落）。",
    "variables": [
      {
        "name": "继承规则",
        "type": "Enum",
        "description": "嫡长子继承制 vs 弟弟继承制"
      },
      {
        "name": "动荡时长",
        "type": "Count",
        "description": "九世"
      },
      {
        "name": "诸侯态度",
        "type": "State",
        "description": "莫朝（不朝见）"
      }
    ]
  },
  "output": {
    "output_type": "Alert",
    "result_template": "若出现废嫡立弟，预警王朝将进入长达九世的内部动荡期，且伴随诸侯离心"
  },
  "custom_attributes": {
    "domain_tags": [
      "历史规律",
      "政治制度",
      "殷商史",
      "法律"
    ],
    "importance": "high",
    "historical_period": "殷商中期"
  },
  "schema_explanation": "添加了“domain_tags”以标识该知识属于历史政治规律领域；添加了“importance”因为该规律直接导致了殷商中期的长期衰落；添加了“historical_period”以定位该规律的时间背景。"
}