{
  "metadata": {
    "uuid": "52324333-6bc7-409e-8371-25d505eb06da",
    "name": "汉武帝泰山封禅具体流程",
    "source_ref": {
      "chunk_id": "chunk_0029",
      "book_index": 28,
      "start_line": 0,
      "end_line": 0,
      "snippet": "封泰山下东方，如郊祠太一之礼...禅泰山下阯东北肃然山，如祭后土礼。"
    }
  },
  "context": {
    "applicable_objects": [
      "汉武帝",
      "封禅随行官员"
    ],
    "prerequisites": [
      "元封元年",
      "先振兵泽旅",
      "先类祠太一",
      "无风雨灾"
    ],
    "constraints": [
      "封禅之礼多秘",
      "儒生不得与"
    ]
  },
  "trigger": {
    "condition_logic": "IF (准备就绪 AND 到达泰山) THEN (执行封禅)"
  },
  "core_logic": {
    "logic_type": "Process",
    "execution_body": "1. 前期准备：\n   - 先振兵泽旅（整顿军队），然后封禅。\n   - 先类祠太一（在甘泉祭祀太一）。\n   - 东巡至泰山，令人上石立之泰山巅。\n   - 礼登中岳太室，若有言“万岁”，封太室奉祠。\n2. 封（Feng）- 祭天（泰山顶）：\n   - 时间：乙卯日。\n   - 人员：令侍中儒者皮弁荐绅，射牛行事。\n   - 地点：泰山下东方。\n   - 仪式：如郊祠太一之礼。\n   - 封土：广丈二尺，高九尺。\n   - 藏物：其下有玉牒书，内容秘密（书祕）。\n   - 登顶：礼毕，天子独与侍中奉车子侯上泰山，亦有封。其事皆禁。\n3. 禅（Shan）- 祭地（泰山下）：\n   - 时间：次日丙辰。\n   - 路线：下阴道。\n   - 地点：泰山下阯东北肃然山。\n   - 仪式：如祭后土礼。\n   - 祭品：天子皆亲拜见，衣上黄而尽用乐焉。\n   - 祭器：江淮间一茅三脊为神藉（垫子）。五色土益杂封。\n   - 动物：纵远方奇兽蜚禽及白雉诸物，颇以加礼。兕牛犀象之属不用。\n4. 后续处理：\n   - 封禅祠之夜，若有光，昼有白云起封中。\n   - 坐明堂，群臣上寿。\n   - 下诏大赦天下，赐民百户牛一酒十石，复博、奉高等地租税。\n   - 令诸侯各治邸泰山下。",
    "variables": [
      {
        "name": "玉牒书",
        "type": "Artifact",
        "description": "刻有祈祷文字的玉板，内容保密"
      },
      {
        "name": "一茅三脊",
        "type": "Material",
        "description": "产自江淮之间的三脊茅草，用作神藉"
      },
      {
        "name": "五色土",
        "type": "Material",
        "description": "青、红、黄、白、黑五种颜色的土"
      }
    ]
  },
  "output": {
    "output_type": "Action",
    "result_template": "完成封禅，大赦天下，展示皇帝功业"
  },
  "custom_attributes": {
    "domain_tags": [
      "封禅",
      "汉武帝",
      "历史事件"
    ],
    "importance": "high",
    "year": "元封元年"
  },
  "schema_explanation": "详细描述了汉武帝封禅的具体步骤，包括封与禅的区别、时间、地点、祭品及随后的政治举措。"
}