{
  "metadata": {
    "uuid": "559de81d-c126-45e4-b67f-299ca7b8523f",
    "name": "鸿门宴脱身计",
    "source_ref": {
      "chunk_id": "chunk_0008",
      "book_index": 7,
      "start_line": 0,
      "end_line": 0,
      "snippet": "沛公则置车骑，脱身独骑，与樊哙、夏侯婴、靳彊、纪信等四人持剑盾步走"
    }
  },
  "context": {
    "applicable_objects": [
      "刘邦",
      "随从护卫"
    ],
    "prerequisites": [
      "鸿门宴上范增欲杀沛公",
      "项伯暗中相助",
      "樊哙闯帐护主"
    ],
    "constraints": [
      "必须有人（如张良）留下善后",
      "需走小路避开楚军主力"
    ]
  },
  "trigger": {
    "condition_logic": "IF (在鸿门宴察觉生命危险) THEN (借口如厕并从小路逃回军营)"
  },
  "core_logic": {
    "logic_type": "Process",
    "execution_body": "1. 离席借口：沛公起如厕（借口上厕所）。\n2. 樊哙进言：樊哙曰：“大行不顾细谨，大礼不辞小让。如今人方为刀俎，我为鱼肉，何辞为。”（劝刘邦赶紧走，不要行礼告辞）。\n3. 脱身行动：\n   - 置车骑：留下随从车马\n   - 脱身独骑：刘邦独自骑马\n   - 随行人员：与樊哙、夏侯婴、靳彊、纪信等四人共行\n   - 武器状态：持剑盾步走（手持剑盾步行）\n   - 路线选择：从郦山下，道芷阳间行（走小路）\n4. 张良善后：\n   - 留下谢罪：令张良留谢\n   - 携带礼物：白璧一双（献项王），玉斗一双（献亚父）\n   - 致辞时机：度刘邦已至军中，张良乃入谢\n   - 致辞内容：“沛公不胜桮杓，不能辞。谨使臣良奉白璧一双，再拜献大王足下；玉斗一双，再拜奉大将军足下。”\n5. 结果：沛公脱身回到军中，立诛杀曹无伤。",
    "variables": [
      {
        "name": "如厕",
        "type": "Action",
        "description": "离开宴席的借口"
      },
      {
        "name": "间行",
        "type": "Route",
        "description": "走小路，避开大路"
      },
      {
        "name": "白璧/玉斗",
        "type": "Item",
        "description": "用于谢罪的礼物"
      }
    ]
  },
  "output": {
    "output_type": "Action",
    "result_template": "沛公安全返回霸上军营，避免被杀"
  },
  "custom_attributes": {
    "domain_tags": [
      "政治谋略",
      "逃生",
      "鸿门宴"
    ],
    "importance": "high",
    "key_quote": "大行不顾细谨，大礼不辞小让"
  },
  "schema_explanation": "详细描述了刘邦在鸿门宴危机中的逃生全过程，包括借口、路线、随从人员及张良的掩护策略。"
}