{
  "metadata": {
    "uuid": "56ac6ce9-c35e-4f84-b401-bf5dd19ed7cc",
    "name": "泰一祭祀与坛场设置规程",
    "source_ref": {
      "chunk_id": "chunk_0013",
      "book_index": 12,
      "start_line": 0,
      "end_line": 0,
      "snippet": "坛三垓。五帝坛环居其下，各如其方... 杀一犛牛以为俎豆牢具。"
    }
  },
  "context": {
    "applicable_objects": [
      "天子",
      "太祝",
      "祠官"
    ],
    "prerequisites": [
      "建立泰一坛",
      "备齐牺牲与祭具"
    ],
    "constraints": [
      "非天子不得亲郊",
      "需按特定方位与颜色配置"
    ]
  },
  "trigger": {
    "condition_logic": "IF (举行泰一祭祀) THEN (执行泰一坛场设置与祭祀流程)"
  },
  "core_logic": {
    "logic_type": "Process",
    "execution_body": "1. 坛场构造：\n   - 建立三层坛（三垓）。\n   - 开辟八通之鬼道（八通鬼道）。\n   - 五帝坛环绕在泰一坛下方，各按其方位排列（黄帝位于西南）。\n\n2. 祭祀对象与供品：\n   - 泰一（最高神）：使用与雍一畤相同的祭品，并增加甜酒、枣、干果等。杀一头牦牛作为祭品（俎豆牢具）。\n   - 五帝：仅进献俎豆和甜酒（醴进）。\n   - 众神从者及北斗：在坛下四方之地进行餟食（连续进食）祭祀。\n\n3. 祭品处理：\n   - 祭祀完毕后，将剩余的祭肉（胙馀）全部烧掉（燎之）。\n   - 特定祭品组合：使用白色的牛，中间放鹿，鹿中间放猪，用水淹没（水而洎之）。\n\n4. 祭祀人员服饰：\n   - 泰一的祝宰（祭祀官）：穿紫色及刺绣的衣服。\n   - 五帝的祝宰：各穿与其神祇颜色相匹配的衣服（日赤，月白）。\n\n5. 时间与频率：\n   - 天子每三年亲自郊祀一次（三岁天子一郊见）。",
    "variables": [
      {
        "name": "泰一坛",
        "type": "Location",
        "description": "祭祀最高神泰一的三层祭坛"
      },
      {
        "name": "五帝坛",
        "type": "Location",
        "description": "环绕泰一坛的五个方位祭坛"
      },
      {
        "name": "牺牲",
        "type": "Object",
        "description": "牦牛、白牛、鹿、猪等祭品"
      },
      {
        "name": "八通鬼道",
        "type": "Structure",
        "description": "坛场开辟的八条通道"
      }
    ]
  },
  "output": {
    "output_type": "Action",
    "result_template": "完成泰一神及五帝的祭祀，祈求神灵庇佑与福祥"
  },
  "custom_attributes": {
    "domain_tags": [
      "古代祭祀",
      "汉代礼仪",
      "宗教仪式"
    ],
    "importance": "high",
    "source_reference": "孝武本纪-泰一祭祀"
  },
  "schema_explanation": "提取了关于泰一祭祀的具体操作流程，包括坛场结构、供品细节、人员服饰及祭后处理，体现了汉代最高祭祀仪式的规范性。"
}