{
  "metadata": {
    "uuid": "639892cb-e41a-4c4d-9cd5-a24b19f266a1",
    "name": "齐地八神祭祀体系",
    "source_ref": {
      "chunk_id": "chunk_0029",
      "book_index": 28,
      "start_line": 0,
      "end_line": 0,
      "snippet": "八神将自古而有之...一曰天主，祠天齐...二曰地主，祠泰山梁父。"
    }
  },
  "context": {
    "applicable_objects": [
      "齐国祭祀系统",
      "秦始皇及汉武帝巡狩时"
    ],
    "prerequisites": [
      "祭祀名山大川",
      "巡游至齐地"
    ],
    "constraints": [
      "各神有固定祭祀地点",
      "使用特定牺牲"
    ]
  },
  "trigger": {
    "condition_logic": "IF (需要祭祀齐地神祇 OR 巡狩至东方) THEN (按八神体系祭祀)"
  },
  "core_logic": {
    "logic_type": "Decision_Tree",
    "execution_body": "八神祭祀体系的具体配置如下：\n1. 天主（Tian Zhu）：\n   - 祠址：天齐（天齐渊水），位于临菑南郊山下。\n   - 含义：祠天齐。\n2. 地主（Di Zhu）：\n   - 祠址：泰山梁父。\n   - 位置规则：天好阴，祠之必於高山之下，小山之上，命曰“畤”；地贵阳，祭之必於泽中圜丘。\n3. 兵主（Bing Zhu）：\n   - 祠址：蚩尤祠，在东平陆监乡（齐西境）。\n   - 含义：祭祀战神蚩尤。\n4. 阴主（Yin Zhu）：\n   - 祠址：三山。\n   - 位置：齐北，并勃海。\n5. 阳主（Yang Zhu）：\n   - 祠址：之罘。\n   - 位置：齐北，并勃海。\n6. 月主（Yue Zhu）：\n   - 祠址：莱山。\n   - 位置：齐北，并勃海。\n7. 日主（Ri Zhu）：\n   - 祠址：成山。\n   - 位置：最居齐东北隅，以迎日出。\n8. 四时主（Si Shi Zhu）：\n   - 祠址：琅邪。\n   - 含义：盖岁之所始。\n\n祭祀规格：\n- 皆各用一牢（牛、羊、猪各一）具祠。\n- 巫祝可根据情况损益，珪币杂异。",
    "variables": [
      {
        "name": "一牢",
        "type": "Sacrifice",
        "description": "牛、羊、猪各一只的祭祀牺牲"
      },
      {
        "name": "八神",
        "type": "List",
        "description": "天主、地主、兵主、阴主、阳主、月主、日主、四时主"
      }
    ]
  },
  "output": {
    "output_type": "Action",
    "result_template": "完成对八神的祭祀，祈求天地四方神灵庇佑"
  },
  "custom_attributes": {
    "domain_tags": [
      "祭祀",
      "地理",
      "神话"
    ],
    "importance": "medium",
    "region": "齐国"
  },
  "schema_explanation": "详细列出了八神的名称、祭祀地点、方位含义及祭祀规格，这是文中描述的特定区域祭祀系统。"
}