{
  "metadata": {
    "uuid": "6711d417-e9d8-4f9f-a1ed-06485f231975",
    "name": "孝文帝遗诏丧葬礼仪",
    "source_ref": {
      "chunk_id": "chunk_0011",
      "book_index": 10,
      "start_line": 0,
      "end_line": 0,
      "snippet": "其令天下吏民，令到出临三日，皆释服。毋禁取妇嫁女祠祀饮酒食肉者。"
    }
  },
  "context": {
    "applicable_objects": [
      "天下吏民",
      "皇室成员",
      "丧葬执行人员"
    ],
    "prerequisites": [
      "皇帝驾崩",
      "遗诏发布"
    ],
    "constraints": "必须严格遵守遗诏中的时间限制和行为禁令，不得逾越"
  },
  "trigger": {
    "condition_logic": "IF (皇帝崩逝) THEN (启动遗诏规定的丧葬程序)"
  },
  "core_logic": {
    "logic_type": "Process",
    "execution_body": "1. **核心理念**：死乃天地之理，物之自然。反对“厚葬以破业，重服以伤生”，认为这会加重皇帝的不德。\n2. **吏民临丧规定**：\n   - 令到出临三日，皆释服。\n   - 毋禁止娶妇嫁女、祠祀、饮酒、食肉。\n3. **丧事人员规定**：\n   - 绖带（丧服腰带）无过三寸。\n   - 毋布车及兵器（不要陈列车马兵器）。\n   - 毋发民男女哭临宫殿（不要征发百姓到宫殿哭丧）。\n4. **宫内哭临规则**：\n   - 宫殿中当临者，皆以旦夕各十五举声，礼毕罢。\n   - 非旦夕临时，禁毋得擅哭。\n5. **服丧期限**：已下，服大红十五日，小红十四日，纤七日，释服。\n6. **陵墓与后宫处理**：\n   - 霸陵山川因其故，毋有所改（不得修筑高大坟冢，不得以金银铜锡为饰）。\n   - 归夫人以下至少使（遣散后宫嫔妃）。",
    "variables": [
      {
        "name": "mourning_duration_public",
        "type": "Integer",
        "description": "吏民服丧时长（3日）"
      },
      {
        "name": "mourning_duration_family",
        "type": "Integer",
        "description": "皇室核心服丧时长（大红15日+小红14日+纤7日）"
      },
      {
        "name": "tomb_decoration",
        "type": "Constraint",
        "description": "陵墓装饰限制（依山川原貌，不用金银铜锡）"
      }
    ]
  },
  "output": {
    "output_type": "Action",
    "result_template": "执行薄葬，缩短服丧期，不扰民，体现节俭与仁德"
  },
  "custom_attributes": {
    "domain_tags": [
      "礼仪",
      "丧葬制度",
      "西汉政治"
    ],
    "importance": "high",
    "philosophy": "薄葬节俭"
  },
  "schema_explanation": "添加philosophy字段以体现文帝节俭德政的核心思想"
}