{
  "metadata": {
    "uuid": "6cb561f4-30e6-4d8f-bce8-8f438b1c86ad",
    "name": "惠景间封侯类别与标准",
    "source_ref": {
      "chunk_id": "chunk_0020",
      "book_index": 19,
      "start_line": 0,
      "end_line": 0,
      "snippet": "及孝惠讫孝景间五十载，追修高祖时遗功臣，及从代来，吴楚之劳..."
    }
  },
  "context": {
    "applicable_objects": [
      "汉惠帝至汉景帝时期的受封侯者",
      "汉代功臣",
      "皇室宗亲",
      "归义外族"
    ],
    "prerequisites": [
      "处于汉惠帝至汉景帝统治的五十年间",
      "符合特定的政治背景或功绩"
    ],
    "constraints": [
      "不适用于高祖时期的直接封赏（除非是追修）",
      "不适用于景帝之后的时间段"
    ]
  },
  "trigger": {
    "condition_logic": "IF (分析汉代惠景间侯爵封赏记录) THEN (应用此分类标准进行归类)"
  },
  "core_logic": {
    "logic_type": "分类标准",
    "execution_body": "1. **确定时间范围**：本标准适用于汉惠帝至汉景帝期间，跨度约五十年。\n2. **识别封侯对象与理由**：\n   - **追封高祖遗臣**：对高祖时期遗留未封或需追修的功臣进行封赏。\n   - **从龙人员**：随代王（即后来的汉文帝）从代地入京继位的人员。\n   - **平叛功臣**：在平定“吴楚七国之乱”中立下功劳的人员（如条侯周亚夫等）。\n   - **皇室宗亲**：诸侯王的子弟或被视为“肺腑”的皇室亲信。\n   - **归义外族**：外国前来归顺的义士。\n   - **恩泽特例**：因长沙王（吴氏）忠诚，虽无功劳，其旁系庶出子孙也可受封（泽流枝庶）。\n3. **统计与评价**：上述各类人员受封者共计九十余人，皆为当世仁义与成功的显著代表。",
    "variables": [
      {
        "name": "时间跨度",
        "type": "时间段",
        "description": "汉惠帝至汉景帝期间，约五十年"
      },
      {
        "name": "封侯类别",
        "type": "枚举",
        "description": "追修高祖遗臣、从代来、吴楚之劳、诸侯子若肺腑、外国归义、恩泽荫封"
      },
      {
        "name": "受封总数",
        "type": "数值",
        "description": "九十有余"
      }
    ]
  },
  "output": {
    "output_type": "分类列表",
    "result_template": "根据功绩来源（如平叛、从龙）或身份（如宗亲、恩泽）将受封者归类"
  },
  "custom_attributes": {
    "domain_tags": [
      "历史",
      "汉代",
      "爵位制度",
      "史记"
    ],
    "importance": "high",
    "source_section": "惠景间侯者年表序"
  },
  "schema_explanation": "添加了'source_section'字段以定位原文出处；'domain_tags'用于标记历史与制度领域；'importance'设为high因为这是理解该时期政治格局的核心分类逻辑。"
}