{
  "metadata": {
    "uuid": "6ea9eaca-08c0-4f9e-8177-fc0ca9af591c",
    "name": "宛城招降与攻心策略",
    "source_ref": {
      "chunk_id": "chunk_0009",
      "book_index": 8,
      "start_line": 0,
      "end_line": 0,
      "snippet": "为足下计，莫若约降，封其守，因使止守，引其甲卒与之西。"
    }
  },
  "context": {
    "applicable_objects": [
      "攻城军队",
      "守城将领",
      "百姓"
    ],
    "prerequisites": [
      "急于进攻战略目标",
      "后方存在坚固城池威胁",
      "敌方守军顽强抵抗"
    ],
    "constraints": [
      "不适用于必须歼灭的敌军",
      "不适用于无谈判可能的死敌"
    ]
  },
  "trigger": {
    "condition_logic": "IF (急于西进入关 AND 遇到坚固城池宛城 AND 担心腹背受敌) THEN (执行宛城招降策略)"
  },
  "core_logic": {
    "logic_type": "Process",
    "execution_body": "1. 识别战略风险：若绕过宛城直接西进，宛城守军会从后方攻击，强秦军在前方，会导致陷入危局。\n2. 佯动与围城：\n   - 夜间引兵从其他道路返回。\n   - 更换旗帜，制造假象。\n   - 黎明时分将宛城包围三圈（三匝）。\n3. 接受游说与谈判：\n   - 听取舍人陈恢建议：指出宛城是大郡都城，连城数十，人多积多，若死伤必多，若绕过必随后追击。\n   - 评估利弊：若强攻则死伤多且延误入关时机；若招降则可收编兵力。\n4. 实施招降措施：\n   - 约定投降条件。\n   - 封宛守为“殷侯”，封赏说客陈恢千户。\n   - 保留宛守原职，令其继续留守。\n5. 收编兵力：引宛城甲卒一同向西进攻。\n6. 预期结果：其余未下城池闻风争相开门而待，军队通行无阻碍。",
    "variables": [
      {
        "name": "宛城",
        "type": "Location",
        "description": "南阳郡治所，连城数十的大郡都城"
      },
      {
        "name": "殷侯",
        "type": "Title",
        "description": "封给投降的南阳守齮的爵位"
      },
      {
        "name": "陈恢",
        "type": "Person",
        "description": "宛城守舍人，提出招降策略者"
      }
    ]
  },
  "output": {
    "output_type": "Action",
    "result_template": "兵不血刃夺取城池，获得兵力补充，后续城池望风而降，顺利西进。"
  },
  "custom_attributes": {
    "domain_tags": [
      "军事战略",
      "政治谋略",
      "招降纳叛"
    ],
    "importance": "high",
    "historical_figure": "刘邦, 张良, 陈恢"
  },
  "schema_explanation": "添加了historical_figure字段，因为该策略是刘邦采纳张良建议和陈恢计策后实施的经典战例。"
}