{
  "metadata": {
    "uuid": "75634019-5210-4326-af5c-281f22601864",
    "name": "帝尧羲和历法授时体系",
    "source_ref": {
      "chunk_id": "chunk_0002",
      "book_index": 1,
      "start_line": 0,
      "end_line": 0,
      "snippet": "乃命羲、和，敬顺昊天，数法日月星辰，敬授民时。"
    }
  },
  "context": {
    "applicable_objects": [
      "古代农业社会",
      "天文官",
      "百姓"
    ],
    "prerequisites": [
      "确立帝位",
      "需要观测天象以指导农业生产"
    ],
    "constraints": [
      "适用于上古时期对自然天象的直接观测",
      "依赖特定的星象（鸟、火、虚、昴）作为参照"
    ]
  },
  "trigger": {
    "condition_logic": "IF (需要确立农时以指导百姓生产) THEN (实施羲和授时体系)"
  },
  "core_logic": {
    "logic_type": "Process",
    "execution_body": "1. **总纲命令**：命令羲氏与和氏，恭敬地顺应上天，推算日月星辰的运行规律，制定历法，恭敬地将天时节令传授给百姓。\n\n2. **春季观测（东方）**：\n   - 任命官员：羲仲。\n   - 居住地点：郁夷，名为旸谷。\n   - 职责：恭敬地迎接日出，治理春季的农作（东作）。\n   - 判定标准：当白昼时间适中（日中），黄昏时鸟星（星鸟）出现在南方中天，以此确定仲春（中春）。\n   - 物候特征：百姓分散劳作（析），鸟兽开始生育交尾（字微）。\n\n3. **夏季观测（南方）**：\n   - 任命官员：羲叔。\n   - 居住地点：南交。\n   - 职责：治理夏季的农作（南为），恭敬地迎接日长之极（敬致）。\n   - 判定标准：当白昼时间最长（日永），黄昏时火星（星火）出现在南方中天，以此确定仲夏（中夏）。\n   - 物候特征：百姓因热而安居（因），鸟兽羽毛稀疏（希革）。\n\n4. **秋季观测（西方）**：\n   - 任命官员：和仲。\n   - 居住地点：西土，名为昧谷。\n   - 职责：恭敬地送别日落，治理秋季的收成（西成）。\n   - 判定标准：当夜晚时间适中（夜中），黄昏时虚星（星虚）出现在南方中天，以此确定仲秋（中秋）。\n   - 物候特征：百姓平和安适（夷易），鸟兽换生新毛（毛毨）。\n\n5. **冬季观测（北方）**：\n   - 任命官员：和叔。\n   - 居住地点：北方，名为幽都。\n   - 职责：观察万物藏伏的情况（伏物）。\n   - 判定标准：当白昼时间最短（日短），黄昏时昴星（星昴）出现在南方中天，以此确定仲冬（中冬）。\n   - 物候特征：百姓取暖避寒（燠），鸟兽生出细软的绒毛（氄毛）。\n\n6. **历法修正**：\n   - 年长设定：一年三百六十六日。\n   - 闰月机制：设置闰月，以调整四季时令，使其准确（正四时）。\n\n7. **执行结果**：严格告诫百官，各项功业都兴盛起来（信饬百官，众功皆兴）。",
    "variables": [
      {
        "name": "羲仲",
        "type": "Person",
        "description": "负责东方春季观测的官员"
      },
      {
        "name": "羲叔",
        "type": "Person",
        "description": "负责南方夏季观测的官员"
      },
      {
        "name": "和仲",
        "type": "Person",
        "description": "负责西方秋季观测的官员"
      },
      {
        "name": "和叔",
        "type": "Person",
        "description": "负责北方冬季观测的官员"
      },
      {
        "name": "星鸟",
        "type": "Astronomical_Object",
        "description": "春季黄昏中天的参照星宿"
      },
      {
        "name": "星火",
        "type": "Astronomical_Object",
        "description": "夏季黄昏中天的参照星宿（大火星/心宿二）"
      },
      {
        "name": "星虚",
        "type": "Astronomical_Object",
        "description": "秋季黄昏中天的参照星宿"
      },
      {
        "name": "星昴",
        "type": "Astronomical_Object",
        "description": "冬季黄昏中天的参照星宿"
      }
    ]
  },
  "output": {
    "output_type": "Action",
    "result_template": "确立了春分、夏至、秋分、冬至四个节气的准确时间，指导百姓进行农耕活动，并通过置闰修正历法误差。"
  },
  "custom_attributes": {
    "domain_tags": [
      "中国古代史",
      "天文历法",
      "农业文明",
      "史记"
    ],
    "importance": "high",
    "source_reference": "史记·五帝本纪",
    "civilization_stage": "五帝时期"
  },
  "schema_explanation": "添加了'source_reference'和'civilization_stage'字段，因为该知识单元属于特定的历史文献记载和特定的社会发展阶段，有助于定位知识的历史背景。"
}