{
  "metadata": {
    "uuid": "776e361b-df0b-4160-bd54-c319d3cdb532",
    "name": "汉初吕氏专权与覆灭的政治博弈流程",
    "source_ref": {
      "chunk_id": "chunk_0010",
      "book_index": 9,
      "start_line": 0,
      "end_line": 0,
      "snippet": "非刘氏而王，天下共击之。今王吕氏，非约也。"
    }
  },
  "context": {
    "applicable_objects": [
      "汉初朝廷",
      "吕氏家族",
      "刘氏宗室",
      "开国功臣"
    ],
    "prerequisites": [
      "汉高祖刘邦去世",
      "惠帝仁弱",
      "白马之盟的存在"
    ],
    "constraints": [
      "白马之盟：非刘氏而王，天下共击之",
      "功臣集团对刘氏正统性的维护"
    ]
  },
  "trigger": {
    "condition_logic": "IF (皇权弱小/太后掌权) THEN (执行专权策略); IF (掌权者去世/权力交接) THEN (执行政变策略)"
  },
  "core_logic": {
    "logic_type": "Process",
    "execution_body": "本流程包含吕氏专权（崛起）与覆灭（清算）两个阶段的政治博弈逻辑：\n\n**第一阶段：吕后专权与巩固权力**\n1.  **清除政治威胁**：\n    -   针对戚夫人与赵王如意：囚戚夫人于永巷，召赵王入京。\n    -   利用惠帝仁弱保护赵王间隙，趁惠帝晨出射，持酖（毒酒）杀赵王如意。\n    -   对戚夫人实施“人彘”酷刑：断手足、去眼、煇耳（熏聋）、饮瘖药（哑药），使居厕中。\n2.  **控制皇位继承**：\n    -   惠帝崩后，因后宫无子，取美人子名之，杀其母，立为太子（少帝）。\n    -   少帝长大后知其身世，出言怨望，太后将其幽禁永巷，废黜并幽杀之，另立常山王义为帝（更名弘）。\n3.  **违反白马之盟封王诸吕**：\n    -   面对大臣反对（引用“非刘氏而王，天下共击之”），利用陈平、周勃等人的妥协态度，强行封诸吕为王。\n    -   封吕台为吕王，吕产为梁王，吕禄为赵王等。\n4.  **构建军事与联姻控制网**：\n    -   **军事控制**：令吕禄领北军，吕产领南军，掌握京师兵权。\n    -   **联姻监控**：将吕氏女嫁给刘姓诸王（如赵王友、梁王恢、朱虚侯章），作为王后进行监视与控制。\n\n**第二阶段：诛灭吕氏与拥立新君**\n1.  **政变契机与布局**：\n    -   太后崩，吕禄、吕产欲作乱，但内惮绛侯、朱虚侯，外畏齐楚兵，犹豫未决。\n    -   太尉周勃与丞相陈平谋，劫持曲周侯郦商，令其子郦寄（与吕禄善）去欺骗吕禄。\n2.  **夺取北军（关键步骤）**：\n    -   **欺骗**：郦寄说吕禄曰：“急归将印，以兵属太尉... 大臣得安，足下高枕而王千里。”\n    -   **交权**：吕禄信然其计，解印属典客，以兵授太尉周勃。\n    -   **效忠测试**：周勃入军门，行令军中曰：“为吕氏右襢，为刘氏左襢。”军中皆左衤亶（左袒），周勃遂将北军。\n3.  **诛杀吕产与控制南军**：\n    -   吕产不知吕禄已去，欲入未央宫作乱。\n    -   平阳侯阻止卫尉纳吕产入殿门。\n    -   周勃令朱虚侯刘章卒千余人入宫，击杀吕产于郎中府吏厕中。\n4.  **彻底清算**：\n    -   捕斩吕禄，笞杀吕嬃，诛燕王吕通，废鲁王偃。\n    -   分部悉捕诸吕男女，无少长皆斩之。\n5.  **确立新君（决策逻辑）**：\n    -   **排除法**：少帝及梁、淮阳、常山王皆非真孝惠子（“非刘氏”），当废；齐王母家驷钧恶（恐复为吕氏）；淮南王母家恶且年少。\n    -   **选定代王**：代王刘恒“高帝见子，最长，仁孝宽厚”，且“太后家薄氏谨良”。\n    -   **结果**：迎立代王为天子（孝文皇帝）。",
    "variables": [
      {
        "name": "白马之盟",
        "type": "Political_Constraint",
        "description": "高祖刑白马盟曰：非刘氏而王，天下共击之"
      },
      {
        "name": "北军",
        "type": "Military_Force",
        "description": "京师卫戍部队，由吕禄统领，政变关键控制点"
      },
      {
        "name": "南军",
        "type": "Military_Force",
        "description": "皇宫卫戍部队，由吕产统领"
      },
      {
        "name": "左袒",
        "type": "Signal",
        "description": "周勃在军中发出的效忠信号：为刘氏左袒（裸露左臂）"
      }
    ]
  },
  "output": {
    "output_type": "Political_Outcome",
    "result_template": "吕氏家族被彻底诛灭，刘氏皇权（代王刘恒）得以恢复，汉朝政权回归刘姓宗室与功臣集团共治。"
  },
  "custom_attributes": {
    "domain_tags": [
      "中国古代史",
      "汉代政治",
      "宫廷斗争",
      "政变"
    ],
    "importance": "high",
    "historical_period": "西汉初年（高祖至文帝时期）",
    "key_figures": [
      "吕后",
      "周勃",
      "陈平",
      "刘章",
      "吕禄",
      "吕产"
    ]
  },
  "schema_explanation": "custom_attributes中增加了历史时期和关键人物字段，因为该知识单元高度依赖于特定的历史背景和人物关系。"
}