{
  "metadata": {
    "uuid": "834f518c-2a42-4707-9804-6e1fdb556d4a",
    "name": "十二诸侯年表编纂原则",
    "source_ref": {
      "chunk_id": "chunk_0015",
      "book_index": 14,
      "start_line": 0,
      "end_line": 0,
      "snippet": "於是谱十二诸侯，自共和讫孔子，表见春秋、国语学者所讥盛衰大指著于篇"
    }
  },
  "context": {
    "applicable_objects": [
      "春秋时期历史",
      "十二诸侯",
      "史记年表"
    ],
    "prerequisites": [
      "需掌握春秋历谱谍",
      "需研读春秋与国语",
      "需了解周王室及诸侯兴衰史"
    ],
    "constraints": [
      "时间范围限定于共和行政至孔子时期",
      "不适用于神运或纯历法推算"
    ]
  },
  "trigger": {
    "condition_logic": "IF (需要系统记录春秋时期诸侯兴衰历史) THEN (应用此编纂原则)"
  },
  "core_logic": {
    "logic_type": "Process",
    "execution_body": "1. **确立时间跨度**：起始于“共和行政”（周厉王奔彘后），终止于“孔子”时期。\n2. **梳理历史背景与源流**：\n   - 记录周道缺失、仁义陵迟、诸侯力政（强乘弱）、五伯专政的背景。\n   - 整理孔子作《春秋》以明王道、制义法（上记隐，下至哀之获麟）的过程。\n   - 汇总相关历史著作传承：包括左丘明《左氏春秋》、铎椒《铎氏微》、虞卿《虞氏春秋》、吕不韦《吕氏春秋》及汉张苍、董仲舒等人的著述。\n3. **批判与整合现有史料（关键步骤）**：\n   - 针对“儒者断其义，驰说者骋其辞，不务综其终始”的缺陷，需综合终始。\n   - 针对“历人取其年月”的局限，需补充历史事件。\n   - 针对“数家隆於神运”的虚妄，需回归人事。\n   - 针对“谱谍独记世谥，其辞略”的不足，需扩充内容。\n   - **目标**：解决“欲一观诸要难”的问题，实现一览诸要。\n4. **提取核心内容**：依据《春秋》和《国语》，提取学者所讥刺的“盛衰大指”（即兴衰的关键节点和评价）。\n5. **构建年表**：将上述内容编制成“十二诸侯年表”，将兴衰大义著录于篇。\n6. **明确用途**：作为“成学治古文者”研习古文历史的精要删节本（要删）。",
    "variables": [
      {
        "name": "start_point",
        "type": "Time/Period",
        "description": "共和行政（周厉王奔彘后）"
      },
      {
        "name": "end_point",
        "type": "Time/Period",
        "description": "孔子时期"
      },
      {
        "name": "source_materials",
        "type": "Texts",
        "description": "春秋、国语、历谱谍及诸家春秋著作"
      },
      {
        "name": "target_audience",
        "type": "User Group",
        "description": "成学治古文者"
      }
    ]
  },
  "output": {
    "output_type": "Structured_Table",
    "result_template": "生成一份展示十二诸侯自共和至孔子时期盛衰大指的年表，供学者研习"
  },
  "custom_attributes": {
    "domain_tags": [
      "史学",
      "史记",
      "文献编纂",
      "春秋时期"
    ],
    "importance": "high",
    "author": "司马迁",
    "source_chapter": "十二诸侯年表序"
  },
  "schema_explanation": "添加了author和source_chapter字段以明确知识来源；domain_tags细化了史学分类；importance设为high因为这是该章节的核心方法论。"
}