{
  "metadata": {
    "uuid": "8875a43d-2b66-4bf7-97a1-58ba17b7959e",
    "name": "穆王甫刑审判与刑罚制度",
    "source_ref": {
      "chunk_id": "chunk_0005",
      "book_index": 4,
      "start_line": 0,
      "end_line": 0,
      "snippet": "五刑之疑有赦，五罚之疑有赦...五刑之属三千。"
    }
  },
  "context": {
    "applicable_objects": [
      "刑事案件",
      "司法审判",
      "西周官员"
    ],
    "prerequisites": [
      "案件发生",
      "两造具备",
      "五辞核实"
    ],
    "constraints": [
      "不适用于非刑事案件",
      "官员需公正无私"
    ]
  },
  "trigger": {
    "condition_logic": "IF (发生刑事案件且进入司法程序) THEN (执行甫刑审判流程)"
  },
  "core_logic": {
    "logic_type": "Decision_Tree",
    "execution_body": "1. 审判准备：确保原告和被告双方都到场（两造具备），司法官听取五种供词（师听五辞）。\n2. 事实核实：如果五种供词核实无误（五辞简信），则根据五刑进行判决（正於五刑）。\n3. 五刑定义：\n   - 墨刑（刺字）\n   - 劓刑（割鼻）\n   - 膑刑（断足/去膝骨）\n   - 宫刑（阉割）\n   - 大辟（死刑）\n4. 疑罪从轻处理（五刑之疑）：如果罪行不足以判处五刑，则予以宽大处理（有赦），改判罚金（五罚）。\n5. 罚金标准（五罚）：\n   - 墨刑疑：罚金100率（锾），并核实罪行（阅实其罪）。\n   - 劓刑疑：罚金加倍（倍洒），并核实罪行。\n   - 膑刑疑：罚金加倍差值（倍差），并核实罪行。\n   - 宫刑疑：罚金500率，并核实罪行。\n   - 大辟疑：罚金1000率，并核实罪行。\n6. 官员过失（五过）：如果判决因官员的过失（如畏权、报复、内亲、受贿、请托等五过之疵）导致不公，则官员与罪犯同罪（惟钧其过）。\n7. 法典规模：\n   - 墨刑条款：1000条\n   - 劓刑条款：1000条\n   - 膑刑条款：500条\n   - 宫刑条款：300条\n   - 大辟条款：200条\n   - 总计：3000条（五刑之属三千）。",
    "variables": [
      {
        "name": "五辞",
        "type": "证据",
        "description": "原告、被告、证人的五种供词"
      },
      {
        "name": "五刑",
        "type": "刑罚",
        "description": "墨、劓、膑、宫、大辟"
      },
      {
        "name": "五罚",
        "type": "罚金",
        "description": "对应五刑疑罪的赎金"
      },
      {
        "name": "率",
        "type": "货币单位",
        "description": "铜的重量单位"
      }
    ]
  },
  "output": {
    "output_type": "Judgment",
    "result_template": "根据核实情况，判处五刑之一或对应的五罚金额；若官员渎职，官员同罪。"
  },
  "custom_attributes": {
    "domain_tags": [
      "法律",
      "西周"
    ],
    "importance": "high",
    "historical_significance": "中国最早的系统性成文刑律记载"
  },
  "schema_explanation": "custom_attributes中添加了historical_significance，因为这是中国法制史上的重要里程碑。"
}