{
  "metadata": {
    "uuid": "8b9f8922-b6a9-48b4-b621-8d2929233661",
    "name": "废分封行郡县制",
    "source_ref": {
      "chunk_id": "chunk_0007",
      "book_index": 6,
      "start_line": 0,
      "end_line": 0,
      "snippet": "分天下以为三十六郡，郡置守、尉、监...置诸侯不便"
    }
  },
  "context": {
    "applicable_objects": [
      "国家疆域",
      "地方行政体系"
    ],
    "prerequisites": [
      "统一六国",
      "结束战乱"
    ],
    "constraints": [
      "反对恢复周朝的分封制",
      "不给予诸子功臣土地统治权"
    ]
  },
  "trigger": {
    "condition_logic": "IF (天下初定且需要避免战乱重现) THEN (实施郡县制)"
  },
  "core_logic": {
    "logic_type": "Decision_Tree",
    "execution_body": "1. 决策背景：\n   - 丞相绾等建议：燕、齐、荆地远，请立诸子为王以镇守。\n   - 廷尉李斯反驳：周文武所封子弟同姓甚众，后世属疏远，相攻击如仇雠，周天子弗能禁止。\n2. 最终决策（始皇采纳李斯议）：\n   - 判定：置诸侯不便，天下共苦战斗不休，以有侯王，复立国是树兵。\n   - 结论：廷尉议是。\n3. 实施方案：\n   - 分天下以为三十六郡。\n   - 每郡设置：守（行政长官）、尉（军事长官）、监（监察长官）。\n   - 更名民曰‘黔首’。\n4. 利益分配：\n   - 诸子功臣不以土地封王。\n   - 以公赋税重赏赐之，甚足易制。",
    "variables": [
      {
        "name": "郡数",
        "type": "Integer",
        "description": "全国划分的行政区域数量"
      },
      {
        "name": "官职",
        "type": "List",
        "description": "郡守、郡尉、监御史"
      }
    ]
  },
  "output": {
    "output_type": "Structure",
    "result_template": "建立中央集权的郡县制网络，全国划分为36郡，官员由中央任免"
  },
  "custom_attributes": {
    "domain_tags": [
      "行政管理",
      "中央集权",
      "政治制度"
    ],
    "importance": "high",
    "replaced_system": "分封制"
  },
  "schema_explanation": "custom_attributes中增加了replaced_system，以明确该制度是对旧有分封制的根本性变革"
}