{
  "metadata": {
    "uuid": "8bb9f81d-a8e8-40a8-b397-6e5d1350b002",
    "name": "封禅大典的资格与基本仪式",
    "source_ref": {
      "chunk_id": "chunk_0029",
      "book_index": 28,
      "start_line": 0,
      "end_line": 0,
      "snippet": "自古受命帝王，曷尝不封禅？未有睹符瑞见而不臻乎泰山者也。"
    }
  },
  "context": {
    "applicable_objects": [
      "受命帝王",
      "新朝代建立者"
    ],
    "prerequisites": [
      "受命于天",
      "功业至极",
      "德行洽洽",
      "祥瑞出现"
    ],
    "constraints": [
      "功不至者不可行",
      "德不洽者不可行",
      "无暇给者不可行",
      "无符瑞者不可行"
    ]
  },
  "trigger": {
    "condition_logic": "IF (帝王受命 AND 功德圆满 AND 祥瑞显现) THEN (举行封禅大典)"
  },
  "core_logic": {
    "logic_type": "Process",
    "execution_body": "1. 资格审查：\n   - 必须是受命帝王（顺应天命）。\n   - 功业必须达到极点（功不至者，虽至梁父而不可行）。\n   - 德行必须广布（德不洽者不可行）。\n   - 必须有祥瑞（符瑞）出现，如凤凰、麒麟、嘉谷等。\n   - 引用管仲语：“古之封禅，鄗上之黍，北里之禾，江淮之间一茅三脊，东海致比目之鱼，西海致比翼之鸟...物有不召而自至者。”\n2. 仪式地点：\n   - 封（Feng）：在泰山（岱宗）顶上，祭天。\n   - 禅（Shan）：在泰山下的小山（如梁父、肃然山、社首等），祭地。\n3. 仪式频率：\n   - 通常每五年一次巡狩，并举行封禅（“五载一巡狩”）。\n   - 若世道衰微，则封禅之事旷废。\n4. 历史先例：\n   - 无怀氏、虙羲、神农、炎帝、黄帝、颛顼、帝喾、尧、舜、禹、汤、周成王等七十二家曾行封禅。\n   - 管仲指出，若无祥瑞（如凤凰麒麟不来，嘉谷不生），则不可强行封禅。",
    "variables": [
      {
        "name": "祥瑞",
        "type": "Object",
        "description": "如凤凰、麒麟、嘉谷、比目鱼、比翼鸟等自然征兆"
      },
      {
        "name": "功德",
        "type": "Concept",
        "description": "帝王的功业与德行"
      }
    ]
  },
  "output": {
    "output_type": "Action",
    "result_template": "成功举行封禅，向天报告成功，确立统治合法性"
  },
  "custom_attributes": {
    "domain_tags": [
      "古代礼仪",
      "政治制度",
      "封禅"
    ],
    "importance": "high",
    "historical_period": "上古至秦汉"
  },
  "schema_explanation": "提取了封禅的核心定义、资格条件和基本流程，涵盖了文中关于封禅必要性的论述。"
}