{
  "metadata": {
    "uuid": "8e2a2639-88ab-45e5-9e38-c41d29db2da1",
    "name": "皇帝尊号与世系命名制度",
    "source_ref": {
      "chunk_id": "chunk_0007",
      "book_index": 6,
      "start_line": 0,
      "end_line": 0,
      "snippet": "号曰‘皇帝’...朕为始皇帝。後世以计数，二世三世至于万世"
    }
  },
  "context": {
    "applicable_objects": [
      "秦朝统治者",
      "皇位继承人"
    ],
    "prerequisites": [
      "统一天下",
      "废除旧有谥法"
    ],
    "constraints": [
      "不适用于非皇室成员",
      "废除死后评价行为（谥法）"
    ]
  },
  "trigger": {
    "condition_logic": "IF (秦王统一天下并需要确立至高无上的权威) THEN (确立皇帝制度)"
  },
  "core_logic": {
    "logic_type": "Process",
    "execution_body": "1. 确立尊号：\n   - 采纳‘泰皇’中的‘皇’字与上古‘帝’号，合称为‘皇帝’。\n   - 废除‘泰’字，定名为‘皇帝’。\n   - 天子自称为‘朕’。\n2. 追尊先祖：追尊庄襄王为‘太上皇’。\n3. 废除谥法：\n   - 理由：死而以行为谥，会导致‘子议父，臣议君’，甚无谓。\n   - 规定：自今已来，除谥法。\n4. 确立世系命名规则：\n   - 始皇自称‘始皇帝’。\n   - 后世以计数，称为‘二世’、‘三世’，至于‘万世’。\n   - 目标：传之无穷。",
    "variables": [
      {
        "name": "尊号",
        "type": "String",
        "description": "统治者的正式称号"
      },
      {
        "name": "自称",
        "type": "String",
        "description": "皇帝专用的第一人称代词"
      },
      {
        "name": "世系计数",
        "type": "Integer",
        "description": "继承顺序的数字标识"
      }
    ]
  },
  "output": {
    "output_type": "System",
    "result_template": "确立‘皇帝’为最高统治者称号，建立万世一系的皇权传承概念"
  },
  "custom_attributes": {
    "domain_tags": [
      "政治制度",
      "秦朝",
      "皇权"
    ],
    "importance": "high",
    "historical_significance": "中国历史上第一个皇帝制度，延续两千多年"
  },
  "schema_explanation": "custom_attributes中增加了historical_significance，因为该制度是中国政治史上的重大转折点"
}