{
  "metadata": {
    "uuid": "92cb176d-4e37-402e-ae8f-621048d71557",
    "name": "七国之乱的平定策略",
    "source_ref": {
      "chunk_id": "chunk_0012",
      "book_index": 11,
      "start_line": 0,
      "end_line": 0,
      "snippet": "吴王濞、楚王戊...反...天子为诛晁错...不止...遂西围梁...上乃遣大将军窦婴、太尉周亚夫将兵诛之。"
    }
  },
  "context": {
    "applicable_objects": [
      "中央朝廷",
      "叛乱诸侯王",
      "军事将领"
    ],
    "prerequisites": [
      "诸侯王联合起兵反叛",
      "晁错削藩政策引发的政治动荡"
    ],
    "constraints": [
      "政治绥靖手段（诛晁错）仅在初期尝试，若无效则转为军事行动"
    ]
  },
  "trigger": {
    "condition_logic": "IF (吴、楚、赵等七国联合反叛 AND 政治诱因存在) THEN 执行平定策略"
  },
  "core_logic": {
    "logic_type": "Decision_Tree",
    "execution_body": "1. **识别叛乱**：确认吴王濞、楚王戊、赵王遂、胶西王卬、济南王辟光、菑川王贤、胶东王雄渠联合起兵反叛，发兵向西进攻（“发兵西乡”）。\n2. **初步政治应对（绥靖策略）**：\n   - 皇帝下令诛杀晁错（“天子为诛晁错”），试图消除叛乱的政治借口。\n   - 派遣袁盎前往谕告诸侯（“遣袁盎谕告”），传达朝廷意图。\n3. **评估绥靖结果**：\n   - 判断叛乱是否停止。\n   - 结果：叛乱并未停止（“不止”）。\n   - 观察：叛军继续向西推进并包围了梁国（“遂西围梁”）。\n4. **军事镇压**：\n   - 鉴于政治手段无效，皇帝决定采取武力镇压。\n   - 任命大将军窦婴和太尉周亚夫统率军队（“上乃遣大将军窦婴、太尉周亚夫将兵”）。\n   - 执行军事行动以诛杀叛军（“将兵诛之”）。\n5. **战后处置与政治重组**：\n   - 赦免逃亡的士兵以及参与谋反的楚元王子等人（“赦亡军及楚元王子...等与谋反者”）。\n   - 封赏功臣，如封大将军窦婴为魏其侯。\n   - 重新分封诸侯王以填补空缺和稳定局势（如立楚元王子礼为楚王，立皇子端、胜等为王）。",
    "variables": [
      {
        "name": "叛乱诸侯",
        "type": "List",
        "description": "吴、楚、赵、胶西、济南、菑川、胶东王"
      },
      {
        "name": "政治诱因",
        "type": "Person/Policy",
        "description": "晁错及其削藩政策"
      },
      {
        "name": "军事统帅",
        "type": "Person",
        "description": "窦婴、周亚夫"
      }
    ]
  },
  "output": {
    "output_type": "Action",
    "result_template": "叛乱被镇压，特定人员被赦免，新的政治分封建立，中央集权得到巩固。"
  },
  "custom_attributes": {
    "domain_tags": [
      "历史",
      "军事战略",
      "汉朝政治"
    ],
    "importance": "high",
    "historical_significance": "标志着西汉中央集权对地方诸侯势力的决定性胜利"
  },
  "schema_explanation": "添加了 'historical_significance' 字段，因为该知识单元源于历史文献，理解其历史影响对于完整掌握该知识至关重要。"
}