{
  "metadata": {
    "uuid": "956b72bb-d447-4b50-b702-2f8065ead059",
    "name": "汉高祖论成败之道",
    "source_ref": {
      "chunk_id": "chunk_0009",
      "book_index": 8,
      "start_line": 0,
      "end_line": 0,
      "snippet": "此三者，皆人杰也，吾能用之，此吾所以取天下也。"
    }
  },
  "context": {
    "applicable_objects": [
      "领导者",
      "管理者",
      "谋士",
      "武将"
    ],
    "prerequisites": [
      "取得重大胜利",
      "拥有核心团队成员",
      "面临竞争挑战"
    ],
    "constraints": [
      "领导者需具备识人之明和容人之量"
    ]
  },
  "trigger": {
    "condition_logic": "IF (总结天下得失原因) THEN (应用三杰用人理论)"
  },
  "core_logic": {
    "logic_type": "Heuristic",
    "execution_body": "1. 否定单一归因：不同意“陛下慢而侮人，项羽仁而爱人”或“与天下同利”的表面原因。\n2. 识别核心人才（三杰）：\n   - 张良（子房）：运筹策帷帐之中，决胜於千里之外（战略规划）。\n   - 萧何：镇国家，抚百姓，给餽饟，不绝粮道（后勤与行政）。\n   - 韩信：连百万之军，战必胜，攻必取（军事指挥）。\n3. 领导者自我定位：承认自己在上述三个具体领域均不如这三位人杰。\n4. 核心成功法则：“吾能用之”（能够任用他们）。\n5. 对标失败案例：项羽虽有一范增（亚父），但不能用，故被擒。\n6. 结论：领导力的关键不在于个人全能，而在于识别并任用比自己更强的人才。",
    "variables": [
      {
        "name": "运筹策",
        "type": "Skill",
        "description": "制定战略战术"
      },
      {
        "name": "给餽饟",
        "type": "Skill",
        "description": "保障物资供应"
      },
      {
        "name": "连百万之军",
        "type": "Skill",
        "description": "指挥大规模军队作战"
      }
    ]
  },
  "output": {
    "output_type": "Value",
    "result_template": "确立知人善任的领导原则，解释战胜项羽的根本原因。"
  },
  "custom_attributes": {
    "domain_tags": [
      "管理学",
      "领导力",
      "人力资源管理"
    ],
    "importance": "high",
    "source_speaker": "汉高祖刘邦"
  },
  "schema_explanation": "添加了source_speaker字段，因为这是刘邦著名的自我总结，具有特定的历史人物语境。"
}