{
  "metadata": {
    "uuid": "96c18723-3a8c-4ee7-b918-781aa7ccb23d",
    "name": "《六国年表》编纂体例与史料选取原则",
    "source_ref": {
      "chunk_id": "chunk_0016",
      "book_index": 15,
      "start_line": 0,
      "end_line": 0,
      "snippet": "余於是因秦记，踵春秋之後，起周元王，表六国时事，讫二世，凡二百七十年。"
    }
  },
  "context": {
    "applicable_objects": [
      "战国时期历史记录",
      "六国年表",
      "秦代历史研究"
    ],
    "prerequisites": [
      "《秦记》文本",
      "《春秋》编年体例基础"
    ],
    "constraints": [
      "诸侯史记多被焚毁",
      "《秦记》不载具体日月",
      "《秦记》文辞简略"
    ]
  },
  "trigger": {
    "condition_logic": "IF (需要记录战国至秦朝历史) AND (诸侯史料缺失) THEN (依据《秦记》采用“法后王”原则编纂年表)"
  },
  "core_logic": {
    "logic_type": "Process",
    "execution_body": "1. **史料来源甄选**：\n   - 采用《秦记》作为主要史料来源。\n   - *原因*：秦始皇焚书，诸侯史记因包含刺讥内容被毁尤为严重，仅《秦记》留存。\n   - *局限性*：《秦记》不记载具体日月，文字简略不详备。\n\n2. **时间范围界定**：\n   - *起始点*：接续《春秋》之后，始于周元王。\n   - *终止点*：至秦二世（胡亥）。\n   - *总跨度*：凡二百七十年。\n\n3. **编纂宗旨确立（法后王）**：\n   - *核心原则*：遵循“法后王”（效法近代之王）。\n   - *理由*：后世（战国/秦）时代变迁，风俗与当时相近，议论切近实际且易于实行，比上古历史更具参考价值。\n   - *批判态度*：反对学者因秦在位时间短、德义不如鲁卫而嘲笑或忽视秦的历史，认为这是“以耳食”（浅薄无知）。\n\n4. **历史解释框架（东西地理说）**：\n   - *理论依据*：“东方物所始生，西方物之成孰”。即事物往往在东南发起，而在西北收获成功。\n   - *应用逻辑*：解释秦虽为小国、杂戎狄之俗，但最终能并吞天下，是因为其起于雍州（西北），符合“收功实者常於西北”的规律。\n   - *历史佐证*：禹兴于西羌，汤起于亳，周以丰镐伐殷，汉兴自蜀汉，均符合此规律。",
    "variables": [
      {
        "name": "史料来源",
        "type": "Text",
        "description": "主要指《秦记》，因其他诸侯史记被焚毁"
      },
      {
        "name": "时间跨度",
        "type": "Duration",
        "description": "周元王至秦二世，共270年"
      },
      {
        "name": "地理宿命论",
        "type": "Concept",
        "description": "东方主始生，西北主成孰（成功）"
      }
    ]
  },
  "output": {
    "output_type": "Record",
    "result_template": "生成一份涵盖270年六国兴衰的年表，供后世君子览观兴坏之端。"
  },
  "custom_attributes": {
    "domain_tags": [
      "史学",
      "战国史",
      "史料学",
      "司马迁"
    ],
    "importance": "high",
    "historical_significance": "确立了以秦为主线的战国史观，保存了战国时期的基本历史框架"
  },
  "schema_explanation": "添加了historical_significance字段，因为该知识单元不仅是编纂方法，更包含了司马迁对秦朝历史地位的独特评价（法后王、东西地理说），这对理解《史记》整体史学思想至关重要。"
}