{
  "metadata": {
    "uuid": "9a085d2a-21f8-4de2-9489-b1e106793500",
    "name": "三分损益律吕生成术",
    "source_ref": {
      "chunk_id": "chunk_0026",
      "book_index": 25,
      "start_line": 0,
      "end_line": 0,
      "snippet": "以下生者，倍其实，三其法。以上生者，四其实，三其法。"
    }
  },
  "context": {
    "applicable_objects": [
      "律管",
      "音阶",
      "历法计算"
    ],
    "prerequisites": [
      "基础算术能力",
      "对'黄钟'基准音的认知"
    ],
    "constraints": [
      "适用于古代十二律吕体系",
      "计算结果需符合'九寸'为基准的宫音标准"
    ]
  },
  "trigger": {
    "condition_logic": "IF (需要制定音律标准 OR 计算十二律管长度 OR 校准历法节气) THEN (应用三分损益法)"
  },
  "core_logic": {
    "logic_type": "Formula",
    "execution_body": "1. **确立基准**：以“黄钟”为起始音律，其管长定义为九寸，作为计算起点。\n2. **执行“下生”操作（三分损一）**：\n   - 规则引用：“以下生者，倍其实，三其法”。\n   - 计算步骤：将当前管长（实）乘以 2，除以 3（即乘以 2/3）。\n   - 结果：生成比当前音律频率更高的音律管长。\n3. **执行“上生”操作（三分益一）**：\n   - 规则引用：“以上生者，四其实，三其法”。\n   - 计算步骤：将当前管长（实）乘以 4，除以 3（即乘以 4/3）。\n   - 结果：生成比当前音律频率更低的音律管长。\n4. **生锺分计算（标准化分数）**：\n   - 规则引用：“置一而九三之以为法。实如法，得长一寸。”\n   - 操作：设定统一的分母（法）为 3 的 9 次方（即 19683）。将上述计算结果转换为以 19683 为分母的分数，以确保精度。\n   - 示例序列（十二地支对应律管长度比）：\n     * 子（黄钟）：1/1（即 19683/19683，对应九寸）\n     * 丑（林钟）：2/3（即 13122/19683）\n     * 寅（太簇）：8/9（即 17496/19683）\n     * ...（依此类推，直至亥位：177147/65536）\n5. **五音生成逻辑**：\n   - 规则引用：“上九，商八，羽七，角六，宫五，徵九”。\n   - 解释：依据上述算法生成的音律，对应五音的数值关系（宫、商、角、徵、羽）。\n6. **循环与终结**：\n   - 规则引用：“音始於宫，穷於角”。\n   - 验证：“凡得九寸，命曰‘黄锺之宫’”。任何计算结果回归到九寸长度的，即为黄钟宫音，完成一个循环。",
    "variables": [
      {
        "name": "实",
        "type": "数值",
        "description": "当前律管的长度数值（分子）"
      },
      {
        "name": "法",
        "type": "数值",
        "description": "除数（分母），标准计算中为 3 的 9 次方 (19683)"
      },
      {
        "name": "黄钟",
        "type": "基准单位",
        "description": "基准音律，管长九寸"
      }
    ]
  },
  "output": {
    "output_type": "Value",
    "result_template": "各律管的精确长度（以寸为单位）及其对应的音律名称"
  },
  "custom_attributes": {
    "domain_tags": [
      "古代乐律学",
      "数学",
      "历法"
    ],
    "importance": "high",
    "source_reference": "《史记·律书》"
  },
  "schema_explanation": "添加了'source_reference'字段以追溯经典文献出处；'domain_tags'涵盖了该知识跨越的乐理、数学和历法领域。"
}