{
  "metadata": {
    "uuid": "a599f478-fa1b-482e-9a5d-5c5d56f75f6d",
    "name": "诗词名家与典籍分类体系",
    "source_ref": {
      "chunk_id": "chunk_0023",
      "book_index": 22,
      "start_line": 0,
      "end_line": 0,
      "snippet": "白居易诗句 诗经名句 李白诗句 杜甫诗句 毛泽东名句 王维名句"
    }
  },
  "context": {
    "applicable_objects": [
      "中国古典诗词",
      "名人名句"
    ],
    "prerequisites": [
      "已知的作者信息或出处"
    ],
    "constraints": [
      "仅限列表中包含的特定作者和典籍"
    ]
  },
  "trigger": {
    "condition_logic": "IF (需要按作者或典籍来源对诗句进行归类) THEN 应用此分类体系"
  },
  "core_logic": {
    "logic_type": "Heuristic",
    "execution_body": "1. 识别诗句的作者姓名或出处典籍。\n2. 根据识别结果，将诗句归类至以下特定类别：\n   - **先秦典籍**：\n     - 诗经名句（出自《诗经》）\n   - **唐代诗人**：\n     - 李白诗句（作者为李白）\n     - 杜甫诗句（作者为杜甫）\n     - 白居易诗句（作者为白居易）\n     - 王维名句（作者为王维）\n   - **现代诗人**：\n     - 毛泽东名句（作者为毛泽东）\n3. 若作者不在上述列表中，则不应用此特定分类逻辑。",
    "variables": [
      {
        "name": "author_name",
        "type": "String",
        "description": "诗句的作者或出处名称"
      }
    ]
  },
  "output": {
    "output_type": "Value",
    "result_template": "返回作者标签，如'李白诗句'、'诗经名句'等"
  },
  "custom_attributes": {
    "domain_tags": [
      "文学",
      "作者分类",
      "诗词索引"
    ],
    "importance": "high",
    "coverage": "partial"
  },
  "schema_explanation": "添加了'coverage': 'partial'以表明此分类仅涵盖源文本中列出的特定作者，非全部文学史。"
}