{
  "metadata": {
    "uuid": "b3fb340e-657c-4f72-a6d8-83d9540b0ff9",
    "name": "牧野之战流程与商朝灭亡",
    "source_ref": {
      "chunk_id": "chunk_0005",
      "book_index": 4,
      "start_line": 0,
      "end_line": 0,
      "snippet": "二月甲子昧爽，武王朝至于商郊牧野，乃誓...纣兵皆崩畔纣。"
    }
  },
  "context": {
    "applicable_objects": [
      "周武王军队",
      "商纣王军队",
      "百姓"
    ],
    "prerequisites": [
      "商纣暴政",
      "诸侯归心",
      "孟津观兵"
    ],
    "constraints": [
      "需遵循天命",
      "需保持军纪"
    ]
  },
  "trigger": {
    "condition_logic": "IF (武王率军到达商郊牧野) THEN (执行牧野之战流程)"
  },
  "core_logic": {
    "logic_type": "Process",
    "execution_body": "1. 军队集结：武王率领战车300乘，虎贲3000人，甲士45000人，向东讨伐商纣。\n2. 战前誓师（牧野）:\n   - 武王左手持黄钺，右手持白旄指挥。\n   - 宣布誓词：引用“牝鸡无晨”指责纣王听信妇人之言，废弃祖先，任用罪人。\n   - 战术纪律要求：\n     * 行进不超过六七步必须停止整顿（不过六步七步，乃止齐焉）。\n     * 击刺不超过四至七次必须停止整顿（不过於四伐五伐六伐七伐，乃止齐焉）。\n     * 保持威猛如虎豹（如虎如罴，如豺如离）。\n3. 战斗过程：\n   - 纣王发兵70万人抵抗。\n   - 纣王军队虽多但无战心，临阵倒戈（倒兵以战），为武王开路。\n   - 纣王军队溃败（纣兵皆崩畔纣）。\n4. 纣王身死：\n   - 纣王逃入鹿台，穿玉衣自焚而死。\n   - 武王射纣王尸体三箭，用轻剑击之，用黄钺斩头，悬挂于大白旗。\n   - 对纣王宠妾（二女）同样射三箭、击剑、斩头，悬挂于小白旗。\n5. 战后善后：\n   - 释放囚犯：命召公释放箕子，命毕公释放百姓，表彰商容闾里。\n   - 经济救济：散发鹿台钱财和钜桥粮食，救济贫弱。\n   - 政治封赏：追封先圣王后代（神农、黄帝、尧、舜、禹），封功臣（尚父于齐，周公旦于鲁等）。",
    "variables": [
      {
        "name": "战车数量",
        "type": "Integer",
        "description": "300乘"
      },
      {
        "name": "虎贲",
        "type": "Integer",
        "description": "3000人"
      },
      {
        "name": "甲士",
        "type": "Integer",
        "description": "45000人"
      },
      {
        "name": "纣军",
        "type": "Integer",
        "description": "70万人"
      }
    ]
  },
  "output": {
    "output_type": "Action",
    "result_template": "商朝灭亡，周朝建立；纣王身死，百姓得安，诸侯受封。"
  },
  "custom_attributes": {
    "domain_tags": [
      "军事",
      "历史",
      "周朝建立"
    ],
    "importance": "high",
    "battle_type": "以少胜多"
  },
  "schema_explanation": "custom_attributes中添加了battle_type，因为这是历史上著名的以少胜多战役。"
}