{
  "metadata": {
    "uuid": "b461039a-aea0-4e6f-8fec-79d3c39f5f83",
    "name": "古典诗歌题材分类体系",
    "source_ref": {
      "chunk_id": "chunk_0023",
      "book_index": 22,
      "start_line": 0,
      "end_line": 0,
      "snippet": "中秋 怀古 爱国 立志 田园 学问 七夕 送别 边塞 思乡离愁 友谊爱情 端午诗句 事理哲理"
    }
  },
  "context": {
    "applicable_objects": [
      "中国古典诗歌",
      "诗词文本"
    ],
    "prerequisites": [
      "待分类的诗歌文本"
    ],
    "constraints": [
      "不适用于非文学类文本分类"
    ]
  },
  "trigger": {
    "condition_logic": "IF (需要对诗歌进行题材或主题归类) THEN 应用此分类体系"
  },
  "core_logic": {
    "logic_type": "Decision_Tree",
    "execution_body": "1. 分析诗歌文本，提取核心主题、情感基调或描写对象。\n2. 将提取的特征与以下标准题材类别进行匹配：\n   - **节令类**：\n     - 中秋\n     - 七夕\n     - 端午诗句\n   - **情感与志向类**：\n     - 怀古（借古讽今或追忆往事）\n     - 爱国（表达国家情怀）\n     - 立志（表达个人志向）\n     - 思乡离愁（表达思乡或离别之苦）\n     - 友谊爱情（表达友情或爱情）\n   - **生活与场景类**：\n     - 田园（描写田园生活）\n     - 学问（探讨治学或知识）\n     - 边塞（描写边疆军旅生活）\n   - **哲思类**：\n     - 事理哲理（阐述事物道理或哲学思考）\n3. 确定最符合的单一或多个题材标签。",
    "variables": [
      {
        "name": "poem_theme",
        "type": "String",
        "description": "诗歌的核心主题或题材"
      }
    ]
  },
  "output": {
    "output_type": "Value",
    "result_template": "返回匹配的题材标签，如'爱国'、'田园'等"
  },
  "custom_attributes": {
    "domain_tags": [
      "文学",
      "诗歌分类",
      "中国古典文学"
    ],
    "importance": "high",
    "source_context": "汉兴以来将相名臣年表页面标签列表"
  },
  "schema_explanation": "添加了'domain_tags'以明确文学领域，'source_context'记录了数据来源的页面背景。"
}