{
  "metadata": {
    "uuid": "b4d5ce55-27f8-4821-a641-41e4a3ded61f",
    "name": "焚书坑儒政策",
    "source_ref": {
      "chunk_id": "chunk_0007",
      "book_index": 6,
      "start_line": 0,
      "end_line": 0,
      "snippet": "臣请史官非秦记皆烧之...有敢偶语诗书者弃市。以古非今者族"
    }
  },
  "context": {
    "applicable_objects": [
      "书籍文献",
      "知识分子",
      "官吏"
    ],
    "prerequisites": [
      "统一思想",
      "禁止私学议政"
    ],
    "constraints": [
      "医药、卜筮、种树之书不在焚烧之列"
    ]
  },
  "trigger": {
    "condition_logic": "IF (发现私学非议朝政或以古非今) THEN (执行焚书与刑罚)"
  },
  "core_logic": {
    "logic_type": "Process",
    "execution_body": "1. 政策背景：\n   - 淳于越建议师古，封子弟功臣。\n   - 李斯反驳：诸生不师今而学古，以非当世，惑乱黔首；私学相与非法教，入则心非，出则巷议。\n2. 焚书执行方案：\n   - 史官：非秦记皆烧之。\n   - 民间：非博士官所职，天下敢有藏《诗》、《书》、百家语者，悉诣守、尉杂烧之。\n   - 免除：医药、卜筮、种树之书。\n   - 学习方式：若欲有学法令，以吏为师。\n3. 禁令与惩罚机制：\n   - 偶语《诗》《书》：弃市（处死并在街头示众）。\n   - 以古非今：族（灭族）。\n   - 吏见知不举：与同罪。\n   - 执行时限：令下三十日不烧，黥为城旦（脸上刺字，筑城劳役）。\n4. 后续执行（坑儒）：\n   - 诸生传相告引，乃自除犯禁者四百六十馀人。\n   - 处罚：皆阬之咸阳，使天下知之，以惩後。",
    "variables": [
      {
        "name": "禁书",
        "type": "List",
        "description": "《诗》、《书》、百家语（非秦记）"
      },
      {
        "name": "保留书籍",
        "type": "List",
        "description": "医药、卜筮、种树之书"
      },
      {
        "name": "刑罚等级",
        "type": "List",
        "description": "弃市、族、黥为城旦"
      }
    ]
  },
  "output": {
    "output_type": "Action",
    "result_template": "销毁除实用技术外的典籍，严禁私学议政，对违抗者处以极刑"
  },
  "custom_attributes": {
    "domain_tags": [
      "思想控制",
      "法律",
      "文化政策"
    ],
    "importance": "high",
    "event_scale": "大规模文化清洗"
  },
  "schema_explanation": "custom_attributes中增加了event_scale，以反映该政策对当时文化界的巨大冲击"
}