{
  "metadata": {
    "uuid": "b57b29b1-c547-4b35-a32d-c2554ab056c8",
    "name": "礼制祭祀层级规则",
    "source_ref": {
      "chunk_id": "chunk_0024",
      "book_index": 23,
      "start_line": 0,
      "end_line": 0,
      "snippet": "故有天下者事七世，有一国者事五世，有五乘之地者事三世..."
    }
  },
  "context": {
    "applicable_objects": [
      "天子",
      "诸侯",
      "大夫",
      "士"
    ],
    "prerequisites": [
      "拥有相应的爵位或封地",
      "建立宗庙"
    ],
    "constraints": [
      "有特牲而食者（地位低下者）不得立宗庙"
    ]
  },
  "trigger": {
    "condition_logic": "IF（需要确定宗庙祭祀祖先的代数范围）THEN 应用此规则"
  },
  "core_logic": {
    "logic_type": "Decision_Tree",
    "execution_body": "1. 确认礼之根本：礼基于“三本”——天地（生之本）、先祖（类之本）、君师（治之本）。无此三者，则无安人。\n2. 确认祭祀原则：通过祭祀层级来辨别贵贱，尊者事尊，卑者事卑，宜大者大，宜小者小。\n3. 根据地位/封地大小确定祭祀代数（世数）：\n   - 有天下者（天子）：事七世（祭祀七代祖先）。\n   - 有一国者（诸侯）：事五世（祭祀五代祖先）。\n   - 有五乘之地者（大夫）：事三世（祭祀三代祖先）。\n   - 有三乘之地者（士）：事二世（祭祀二代祖先）。\n   - 有特牲而食者（仅具备牺牲祭祀资格者）：不得立宗庙。\n4. 解释原理：此规则体现了“积厚者流泽广，积薄者流泽狭”的原则，即功德积累深厚者流泽广，积累薄弱者流泽狭。",
    "variables": [
      {
        "name": "地位封地",
        "type": "Category",
        "description": "统治者的政治地位及拥有的土地规模（天下、一国、五乘、三乘）"
      },
      {
        "name": "祭祀世数",
        "type": "Integer",
        "description": "宗庙祭祀所追溯的祖先代数"
      }
    ]
  },
  "output": {
    "output_type": "Value",
    "result_template": "该等级统治者可祭祀[世数]代祖先，或不得立宗庙"
  },
  "custom_attributes": {
    "domain_tags": [
      "礼制",
      "宗法",
      "历史"
    ],
    "importance": "high",
    "source_reference": "史记·礼书"
  },
  "schema_explanation": "custom_attributes中添加了domain_tags以标识知识领域，source_reference用于追溯原始文献出处。"
}