{
  "metadata": {
    "uuid": "cec016a4-1479-492e-b612-8e079e864c44",
    "name": "汉初分封制度与地缘布局规则",
    "source_ref": {
      "chunk_id": "chunk_0018",
      "book_index": 17,
      "start_line": 0,
      "end_line": 0,
      "snippet": "高祖末年，非刘氏而王者，若无功上所不置而侯者，天下共诛之。"
    }
  },
  "context": {
    "applicable_objects": [
      "刘氏子弟",
      "异姓功臣",
      "诸侯国",
      "汉中央直辖郡"
    ],
    "prerequisites": [
      "汉朝建立初期",
      "天下初定"
    ],
    "constraints": [
      "不适用于非刘氏且无功者",
      "不适用于中央直辖区域（十五郡）"
    ]
  },
  "trigger": {
    "condition_logic": "IF (确立汉朝初期政治秩序 OR 划分领土归属) THEN (执行分封与地缘布局)"
  },
  "core_logic": {
    "logic_type": "Process",
    "execution_body": "1. **确立爵位授予规则（白马之盟精神）**：\n   - 王爵授予对象：仅限刘氏子弟（同姓）。高祖子弟同姓为王者九国。\n   - 例外情况：仅长沙王为异姓王。\n   - 侯爵授予对象：大功臣（百有馀人）。\n   - 禁令：非刘氏而王者，若无功上所不置而侯者，天下共诛之。\n\n2. **执行地缘战略布局（防御外敌）**：\n   - 北部防线（燕、代）：自雁门、太原以东至辽阳。\n   - 东部防线（齐、赵）：常山以南，大行左转，度河、济，阿、甄以东薄海。\n   - 南部/东南防线（梁、楚、淮南、长沙）：自陈以西，南至九疑，东带江、淮、穀、泗，薄会稽。\n   - 战略目的：皆外接於胡、越，作为抵御外族的屏障。\n\n3. **划定中央与诸侯领土比例**：\n   - 诸侯领土：内地北距山以东尽诸侯地。大者或五六郡，连城数十。置百官宫观，僭於天子。\n   - 汉中央领土（直辖区）：仅十五郡。包括三河、东郡、颍川、南阳，自江陵以西至蜀，北自云中至陇西，与内史。\n   - 备注：公主列侯颇食邑其中。\n\n4. **实施原因分析**：\n   - 核心原因：天下初定，骨肉同姓少。\n   - 战略意图：故广彊庶孽，以镇抚四海，用承卫天子。",
    "variables": [
      {
        "name": "同姓王",
        "type": "Category",
        "description": "刘氏子弟，拥有封地"
      },
      {
        "name": "异姓侯",
        "type": "Category",
        "description": "拥有大功的臣子，封为侯"
      },
      {
        "name": "汉郡",
        "type": "Territory",
        "description": "中央直接管辖的行政区域，共十五郡"
      }
    ]
  },
  "output": {
    "output_type": "Action",
    "result_template": "建立九个同姓王国与百余功臣侯国，形成外御胡越、内卫天子的地缘格局，中央仅保留十五郡。"
  },
  "custom_attributes": {
    "domain_tags": [
      "历史",
      "政治制度",
      "汉朝",
      "地缘政治"
    ],
    "importance": "high",
    "historical_period": "汉高祖时期"
  },
  "schema_explanation": "添加了 historical_period 以明确该规则的时间有效性，domain_tags 用于分类检索。"
}