{
  "metadata": {
    "uuid": "cfbf5635-3cae-4b30-9f00-b12826f93d0e",
    "name": "音乐与政治治理的相互关系",
    "source_ref": {
      "chunk_id": "chunk_0025",
      "book_index": 24,
      "start_line": 0,
      "end_line": 0,
      "snippet": "治世之音安以乐，其正和；乱世之音怨以怒，其正乖..."
    }
  },
  "context": {
    "applicable_objects": [
      "国家政治",
      "社会风俗",
      "音乐教育"
    ],
    "prerequisites": [
      "理解'心物感应'原理"
    ],
    "constraints": [
      "仅适用于反映民风的音乐（如雅颂、郑卫之音），不适用于单纯娱乐音乐"
    ]
  },
  "trigger": {
    "condition_logic": "IF (评估时代兴衰 OR 制定礼乐政策 OR 审查民间音乐) THEN 应用此诊断规则"
  },
  "core_logic": {
    "logic_type": "Decision_Tree",
    "execution_body": "1. **生成机制**（心物感应）：\n   - 人心之动，物使之然也\n   - 感于物而动，故形于声\n   - 声相应，故生变；变成方，谓之音\n   - 比音而乐之，及干戚羽旄，谓之乐\n\n2. **政治诊断规则**（通过音乐判断治乱）：\n   - **治世之音**：安以乐，其政和（政治清明）\n   - **乱世之音**：怨以怒，其政乖（政治乖戾）\n   - **亡国之音**：哀以思，其民困（百姓困苦）\n\n3. **具体案例识别**：\n   - **郑卫之音**：乱世之音也，比於慢（放纵），表现为争以相高，流沔沈佚\n   - **桑间濮上之音**：亡国之音也，表现为政散，民流，诬上行私而不可止\n\n4. **治理应用策略**（礼乐刑政四达）：\n   - 礼以导其志（引导意志）\n   - 乐以和其声（调和声音/情感）\n   - 政以壹其行（统一行为）\n   - 刑以防其奸（防止奸邪）\n   - 目标：同民心而出治道\n\n5. **教化功能**：\n   - 先王制雅颂之声以道之，使其声足以乐而不流\n   - 使其文足以纶而不息\n   - 使其曲直繁省廉肉节奏，足以感动人之善心\n   - 不使放心邪气得接焉",
    "variables": [
      {
        "name": "音乐特征",
        "type": "String",
        "description": "安以乐、怨以怒、哀以思"
      },
      {
        "name": "政治状态",
        "type": "String",
        "description": "治世、乱世、亡国"
      }
    ]
  },
  "output": {
    "output_type": "Assessment",
    "result_template": "根据音乐的风格特征，反推当前的政治治理状况及社会风气"
  },
  "custom_attributes": {
    "domain_tags": [
      "政治学",
      "社会学",
      "音乐美学"
    ],
    "importance": "high",
    "source_reference": "史记·乐书"
  },
  "schema_explanation": "添加了'生成机制'和'治理应用策略'，因为原文不仅提供了诊断标准（听音知政），还详细阐述了音乐如何产生以及如何利用音乐进行反向治理（制礼作乐），构成了完整的闭环逻辑。"
}