{
  "metadata": {
    "uuid": "d21c41b9-baa2-435b-9e4b-ab14b9802600",
    "name": "破釜沉舟战术",
    "source_ref": {
      "chunk_id": "chunk_0008",
      "book_index": 7,
      "start_line": 0,
      "end_line": 0,
      "snippet": "项羽乃悉引兵渡河，皆沈船，破釜甑，烧庐舍，持三日粮"
    }
  },
  "context": {
    "applicable_objects": [
      "楚军",
      "项羽军队"
    ],
    "prerequisites": [
      "秦军围赵王钜鹿",
      "楚军初战少利",
      "陈馀复请兵"
    ],
    "constraints": [
      "必须处于绝境或需要极大提升士气时",
      "必须确有必死决心"
    ]
  },
  "trigger": {
    "condition_logic": "IF (需要救援赵国且需极大提升士气) THEN (执行破釜沉舟)"
  },
  "core_logic": {
    "logic_type": "Process",
    "execution_body": "1. 前期部署：先遣当阳君、蒲将军将卒二万渡河救钜鹿，战少利。\n2. 全军渡河：项羽乃悉引兵渡河。\n3. 执行自绝退路操作（核心步骤）：\n   - 皆沈船：将所有船只沉没\n   - 破釜甑：打破所有炊具\n   - 烧庐舍：烧毁营房帐篷\n   - 持三日粮：只携带三天的粮食\n4. 战术目的：以示士卒必死，无一还心（向士兵展示必死的决心，断绝所有退路）。\n5. 战斗执行：\n   - 至则围王离，与秦军遇\n   - 九战：连续作战九次\n   - 绝其甬道：切断秦军运粮通道\n6. 战果：大破之，杀苏角，虏王离，涉间不降楚，自烧杀。",
    "variables": [
      {
        "name": "船",
        "type": "Object",
        "description": "渡河工具，需沉没"
      },
      {
        "name": "釜甑",
        "type": "Object",
        "description": "炊具，需打破"
      },
      {
        "name": "庐舍",
        "type": "Object",
        "description": "营房，需烧毁"
      },
      {
        "name": "三日粮",
        "type": "Resource",
        "description": "仅维持生存的最低口粮"
      }
    ]
  },
  "output": {
    "output_type": "Action",
    "result_template": "楚战士无不一以当十，楚兵呼声动天，大破秦军"
  },
  "custom_attributes": {
    "domain_tags": [
      "军事战略",
      "心理战",
      "楚汉争霸"
    ],
    "importance": "high",
    "historical_significance": "巨鹿之战关键转折，确立项羽霸主地位"
  },
  "schema_explanation": "提取了项羽在巨鹿之战中使用的经典战术，强调了其通过物理手段断绝退路来激发士兵潜能的过程。"
}