{
  "metadata": {
    "uuid": "d98020af-b635-4ddd-99f7-a12bffbea073",
    "name": "五音与社会角色及生理的对应关系",
    "source_ref": {
      "chunk_id": "chunk_0025",
      "book_index": 24,
      "start_line": 0,
      "end_line": 0,
      "snippet": "宫为君，商为臣，角为民，徵为事，羽为物...故宫动脾而和正圣..."
    }
  },
  "context": {
    "applicable_objects": [
      "音乐理论",
      "国家治理",
      "中医养生"
    ],
    "prerequisites": [
      "理解五音（宫商角徵羽）的基本概念"
    ],
    "constraints": [
      "不适用于非五音体系的音乐",
      "需结合具体语境判断是喻指社会还是生理"
    ]
  },
  "trigger": {
    "condition_logic": "IF (分析音乐结构 OR 诊断国家政治状况 OR 探讨音乐对人体的影响) THEN 应用此对应关系"
  },
  "core_logic": {
    "logic_type": "Mapping_Rule",
    "execution_body": "1. **社会角色映射**：\n   - 宫对应君（统治者）\n   - 商对应臣（官员）\n   - 角对应民（百姓）\n   - 徵对应事（事务）\n   - 羽对应物（资源）\n\n2. **音律混乱的政治后果**（判断政治秩序的依据）：\n   - 宫乱则荒，其君骄（君王骄横）\n   - 商乱则搥，其臣坏（臣子败坏）\n   - 角乱则忧，其民怨（百姓怨恨）\n   - 徵乱则哀，其事勤（事务劳苦）\n   - 羽乱则危，其财匮（资源匮乏）\n   - 若五者皆乱，迭相陵，谓之慢，则国之灭亡无日矣\n\n3. **生理与情绪映射**（音乐对人体的影响）：\n   - 宫音：动脾，和正圣。闻宫音使人温舒而广大\n   - 商音：动肺，和正义。闻商音使人方正而好义\n   - 角音：动肝，和正仁。闻角音使人恻隐而爱人\n   - 徵音：动心，和正礼。闻徵音使人乐善而好施\n   - 羽音：动肾，和正智。闻羽音使人整齐而好礼\n\n4. **乐器配置象征**：\n   - 琴长八尺一寸为正度\n   - 弦大者为宫，居中央（象征君）\n   - 商张右傍，其余大小相次，不失其次序（象征君臣之位正）",
    "variables": [
      {
        "name": "五音",
        "type": "Enum",
        "description": "宫、商、角、徵、羽"
      },
      {
        "name": "社会角色",
        "type": "Enum",
        "description": "君、臣、民、事、物"
      },
      {
        "name": "脏腑",
        "type": "Enum",
        "description": "脾、肺、肝、心、肾"
      }
    ]
  },
  "output": {
    "output_type": "Diagnosis",
    "result_template": "根据听到的音律特征，判断对应的社会阶层状态或人体脏腑/情绪反应"
  },
  "custom_attributes": {
    "domain_tags": [
      "音乐哲学",
      "政治伦理",
      "中医理论"
    ],
    "importance": "high",
    "source_reference": "史记·乐书"
  },
  "schema_explanation": "添加了'社会角色映射'和'生理与情绪映射'两个维度，因为原文明确将五音与国家政治结构及人体生理反应建立了严格的对应关系，这是理解古代乐论的核心。"
}