{
  "metadata": {
    "uuid": "daae8a7e-5e92-46b2-b0ba-7cd675df2272",
    "name": "司马迁对秦楚之际政权更迭速度的历史分析",
    "source_ref": {
      "chunk_id": "chunk_0017",
      "book_index": 16,
      "start_line": 0,
      "end_line": 0,
      "snippet": "五年之间，号令三嬗。自生民以来，未始有受命若斯之亟也。"
    }
  },
  "context": {
    "applicable_objects": [
      "秦汉历史研究",
      "政权更迭分析",
      "《史记》文本解读"
    ],
    "prerequisites": [
      "了解陈涉、项羽、刘邦在秦末的历史角色",
      "理解古代'受命'（天命）的政治概念"
    ],
    "constraints": [
      "仅适用于司马迁在《史记》中的历史评论视角",
      "不作为现代政治科学的预测模型"
    ]
  },
  "trigger": {
    "condition_logic": "IF (分析秦楚之际政权更迭的时间跨度或历史特殊性) THEN (应用此历史分析逻辑)"
  },
  "core_logic": {
    "logic_type": "Heuristic",
    "execution_body": "1. **界定事件序列与时间跨度**：\n   - 确认事件起点：陈涉（陈胜）首先发难（'初作难，发於陈涉'）。\n   - 确认中间过程：项羽凭借暴虐手段灭秦（'虐戾灭秦，自项氏'）。\n   - 确认最终结果：汉家拨乱诛暴，平定海内，最终登上帝位（'拨乱诛暴，平定海内，卒践帝祚，成於汉家'）。\n   - 确认总时长：上述全过程仅耗时五年（'五年之间，号令三嬗'）。\n\n2. **建立历史对比基准（常规难度）**：\n   - **虞、夏之兴**：需要积累善行和功绩数十年（'积善累功数十年'），德行和谐百姓，代行天子政事，经上天考验后才能即位。\n   - **汤、武之王**：从契、后稷开始，修仁行义历经十多代（'脩仁行义十馀世'）。即使不期而会孟津八百诸侯，仍认为时机未可，直到后来才放逐诛杀暴君。\n   - **秦之统一**：起于襄公，显于文公、穆公，献公、孝公之后逐渐蚕食六国（'稍以蚕食六国'），历经一百多年（'百有馀载'），至始皇才兼并了冠带之伦（各国君主）。\n   - **结论**：以往依靠德行或武力统一天下，难度极高（'盖一统若斯之难也'）。\n\n3. **分析秦朝策略的反作用**：\n   - 秦朝担忧战争不休是因为有诸侯存在，因此废除分封（'无尺土之封'），毁坏名城，销毁兵器（'销锋镝'），铲除豪杰（'鉏豪桀'），企图维持万世安宁。\n   - 结果：王业兴起于民间巷陌（'起於闾巷'），合纵讨伐的声势超过了三代。秦朝的禁令，恰好资助了贤者驱除困难（'適足以资贤者为驱除难耳'）。\n\n4. **推导特殊性与结论**：\n   - 愤发而为天下雄主，哪里在于没有土地就不能称王呢（'安在无土不王'）？\n   - 这种极快的速度（五年）自有人类以来从未有过（'未始有受命若斯之亟也'）。\n   - 最终解释：这被称为'大圣'，难道不是天意吗（'岂非天哉'）？如果不是大圣，谁能在此受命而称帝呢？",
    "variables": [
      {
        "name": "常规统一周期",
        "type": "Time_Duration",
        "description": "历史上政权建立通常需要的时间（数十年至百余年）"
      },
      {
        "name": "秦楚更迭周期",
        "type": "Time_Duration",
        "description": "秦末汉初政权更迭的实际时间（五年）"
      }
    ]
  },
  "output": {
    "output_type": "Insight",
    "result_template": "得出结论：秦楚之际的政权更迭具有'受命若斯之亟'（极其急促）的历史特殊性，其成功归因于'大圣'与'天'的意志，而非传统的长期积累。"
  },
  "custom_attributes": {
    "domain_tags": [
      "中国古代史",
      "历史哲学",
      "史记"
    ],
    "importance": "high",
    "historical_figure": "Sima_Qian",
    "source_text_section": "序言"
  },
  "schema_explanation": "添加了'historical_figure'和'source_text_section'字段，因为该知识单元高度依赖于特定史学家（司马迁）的主观评论及其在特定文本（《史记·秦楚之际月表》序言）中的语境。"
}