{
  "metadata": {
    "uuid": "df12b855-df08-44d4-b90c-eb9d6318e0d3",
    "name": "《史记》作者归属",
    "source_ref": {
      "chunk_id": "chunk_0001",
      "book_index": 0,
      "start_line": 0,
      "end_line": 0,
      "snippet": "书名：史记 作者：司马迁"
    }
  },
  "context": {
    "applicable_objects": [
      "《史记》"
    ],
    "prerequisites": [
      "无"
    ],
    "constraints": [
      "不适用于非《史记》书籍的作者查询"
    ]
  },
  "trigger": {
    "condition_logic": "IF (需要确认《史记》的作者信息) THEN 应用此知识"
  },
  "core_logic": {
    "logic_type": "Concept",
    "execution_body": "1. 识别目标书籍的名称为“史记”。\n2. 根据源文本元数据，确认该书籍的作者为“司马迁”。\n3. 建立书名与作者的唯一对应关系：书名“史记”对应作者“司马迁”。",
    "variables": [
      {
        "name": "book_title",
        "type": "String",
        "description": "书籍名称，此处为'史记'"
      },
      {
        "name": "author",
        "type": "String",
        "description": "书籍作者，此处为'司马迁'"
      }
    ]
  },
  "output": {
    "output_type": "Value",
    "result_template": "返回《史记》的作者是司马迁"
  },
  "custom_attributes": {
    "domain_tags": [
      "历史文献",
      "中国古代史",
      "书目元数据"
    ],
    "importance": "high",
    "source_type": "书目信息"
  },
  "schema_explanation": "由于源文本仅包含基础的书目元数据（书名与作者），添加了'domain_tags'以标识其历史文献属性，'source_type'用于明确数据的类别。"
}