{
  "generated_at": "2026-02-06 14:15:03",
  "source_skus_dir": "/Users/mac/Desktop/cc_projects/test_data/史记_output/full_chunks_skus",
  "total_skus": 15,
  "total_skills": 15,
  "skills": [
    {
      "name": "shiji-authorship-identification",
      "source_sku_uuids": [
        "df12b855-df08-44d4-b90c-eb9d6318e0d3"
      ],
      "has_references": false
    },
    {
      "name": "xihe-calendar-system",
      "source_sku_uuids": [
        "75634019-5210-4326-af5c-281f22601864"
      ],
      "has_references": true
    },
    {
      "name": "shang-succession-turmoil-analysis",
      "source_sku_uuids": [
        "5087819a-d6d7-4fb8-a8ce-3dffbd01af08"
      ],
      "has_references": false
    },
    {
      "name": "western-zhou-criminal-trial-system",
      "source_sku_uuids": [
        "8875a43d-2b66-4bf7-97a1-58ba17b7959e"
      ],
      "has_references": true
    },
    {
      "name": "muye-battle-execution",
      "source_sku_uuids": [
        "b3fb340e-657c-4f72-a6d8-83d9540b0ff9"
      ],
      "has_references": false
    },
    {
      "name": "qin-emperor-title-system",
      "source_sku_uuids": [
        "8e2a2639-88ab-45e5-9e38-c41d29db2da1"
      ],
      "has_references": false
    },
    {
      "name": "fei-feng-feng-xing-jun-xian-zhi",
      "source_sku_uuids": [
        "8b9f8922-b6a9-48b4-b621-8d2929233661"
      ],
      "has_references": false
    },
    {
      "name": "qin-water-virtue-system",
      "source_sku_uuids": [
        "2245296e-398f-4f9b-9c66-d04d0aa1826c"
      ],
      "has_references": true
    },
    {
      "name": "qin-dynasty-thought-control-policy",
      "source_sku_uuids": [
        "b4d5ce55-27f8-4821-a641-41e4a3ded61f"
      ],
      "has_references": true
    },
    {
      "name": "burn-boats-break-pots-tactic",
      "source_sku_uuids": [
        "d21c41b9-baa2-435b-9e4b-ab14b9802600"
      ],
      "has_references": true
    },
    {
      "name": "hongmen-banquet-escape-strategy",
      "source_sku_uuids": [
        "559de81d-c126-45e4-b67f-299ca7b8523f"
      ],
      "has_references": true
    },
    {
      "name": "wujiang-refusal-suicide",
      "source_sku_uuids": [
        "3c55597a-27b3-462b-b56c-e3358e3d95a4"
      ],
      "has_references": true
    },
    {
      "name": "city-surrender-strategy",
      "source_sku_uuids": [
        "6ea9eaca-08c0-4f9e-8177-fc0ca9af591c"
      ],
      "has_references": true
    },
    {
      "name": "three-chapters-law-implementation",
      "source_sku_uuids": [
        "334157ff-41e8-49a7-9c7b-21773d8ad0f5"
      ],
      "has_references": true
    },
    {
      "name": "knowing-employing-talent",
      "source_sku_uuids": [
        "956b72bb-d447-4b50-b702-2f8065ead059"
      ],
      "has_references": false
    }
  ]
}